COUNTRY,COMPANY CODE,INDUSTRY,ENVRTX21,ENVRTX37,ENVRTX02,ENVRTX22,ENVRTX39,ENVRTX23,ENVRTX18,ENVRTX13,ENVRTX33,ENVRTX03,ENVRTX20,ENVRTX38,ENVRTX08,ENVRTX05,ENVRTX30,ENVRTX24,ENVRTX32,ENVRTX34,ENVRTX04,ENVRTX29,ENVRTX41,ENVRTX40,ENVRTX09,ENVRTX17,ENVRTX07,ENVRTX11,ENVRTX10,ENVRTX01,ENVRTX14,ENVRTX15,ENVRTX12,ENVRTX31,ENVRTX35,ENVRTX36,ENVRTX06,EPRACX01,EPRACX02,EPRACX03,EPRACX04,EPRACX05,EPRACX06,EPERFX01,EPERFX02,EPERFX03,EPERFX04,EPERFX05,EPERFX06,EPERFX07,EPERFX08,EPERFX09,LAYOUTN01,LAYOUTN02,LAYOUTN03,LAYOUTN04,JITDELN01,JITDELN02,JITDELN03,KANBANN01,KANBANN02,KANBANN03,ACCTGX51,LINKCN01,LINKCN02,LINKCN03,LINKCN04,LINKCN05,SCHEDN01,SCHEDN02,SCHEDR03,SETUPN01,SETUPN02,SETUPN03,OUTCMX01,OUTCMX02,OUTCMX03,OUTCMX04,OUTCMX05,OUTCMX06,OUTCMX07,OUTCMX08,OUTCMX09,OUTCMX10,OUTCMX11,OUTCMX12,OUTCMX13,OUTCMX14,OUTCMX15,OUTCMX16,OUTCMX17,JIT,Environmental,Category
BRA,1704,3,2.0,4.0,2.0,2.0,3.0,4.0,4.0,3.0,1.0,4.0,3.0,2.0,3.0,3.0,2.0,2.0,1.0,3.0,3.0,3.0,4.0,3.0,3.0,1.0,1.0,1.0,1.0,1.0,4.0,3.0,1.0,1.0,1.0,1.0,3.0,1.0,3.0,3.0,2.0,2.0,2.0,3.0,3.0,3.0,3.0,2.0,2.0,3.0,2.0,2.0,3.0,3.0,2.0,3.0,1.0,1.0,2.0,1.0,3.0,3.0,247.0,3.0,3.0,2.0,4.0,2.0,2.0,3.0,4.0,3.0,2.0,4.0,3.0,3.0,2.0,3.0,3.0,3.0,3.0,3.0,3.0,3.0,3.0,2.0,2.0,3.0,3.0,3.0,3.0,Low,Low,Low JIT & Environmental
BRA,1713,1,3.0,2.0,3.0,1.0,2.0,4.0,2.0,4.0,2.0,5.0,2.0,4.0,5.0,4.0,3.0,2.0,2.0,5.0,4.0,4.0,2.0,4.0,5.0,1.0,1.0,2.0,2.0,2.0,4.0,5.0,5.0,3.0,3.0,2.0,3.0,5.0,5.0,4.0,3.0,4.0,4.0,5.0,4.0,4.0,4.0,1.0,1.0,3.0,4.0,1.0,4.0,5.0,4.0,4.0,1.0,1.0,3.0,1.0,5.0,4.0,1635.0,4.0,4.0,3.0,3.0,2.0,4.0,4.0,1.0,5.0,4.0,5.0,5.0,5.0,5.0,4.0,4.0,4.0,4.0,3.0,4.0,3.0,3.0,4.0,1.0,5.0,4.0,4.0,4.0,High,Low,Mainly JIT
BRA,1717,2,3.0,4.0,5.0,2.0,4.0,5.0,4.0,5.0,1.0,4.0,4.0,5.0,5.0,5.0,3.0,4.0,1.0,3.0,5.0,5.0,3.0,1.0,4.0,1.0,5.0,3.0,3.0,1.0,5.0,5.0,5.0,1.0,5.0,1.0,5.0,5.0,5.0,4.0,4.0,3.0,5.0,4.0,3.0,3.0,3.0,4.0,4.0,3.0,4.0,1.0,5.0,5.0,5.0,3.0,3.0,1.0,2.0,3.0,3.0,3.0,1934.0,4.0,4.0,5.0,5.0,4.0,4.0,4.0,2.0,5.0,4.0,5.0,5.0,5.0,5.0,3.0,4.0,4.0,4.0,4.0,4.0,5.0,3.0,5.0,5.0,5.0,5.0,5.0,5.0,Low,High,Mainly Environmental
BRA,1719,3,4.0,2.0,4.0,3.0,3.0,4.0,3.0,4.0,1.0,3.0,3.0,3.0,3.0,4.0,2.0,3.0,1.0,3.0,4.0,3.0,3.0,3.0,4.0,1.0,4.0,3.0,3.0,3.0,4.0,4.0,4.0,1.0,3.0,1.0,4.0,4.0,4.0,3.0,2.0,2.0,3.0,5.0,3.0,4.0,4.0,2.0,2.0,3.0,3.0,2.0,4.0,1.0,1.0,4.0,2.0,4.0,4.0,4.0,1.0,1.0,865.0,5.0,5.0,5.0,4.0,5.0,4.0,4.0,2.0,4.0,4.0,4.0,5.0,5.0,5.0,5.0,5.0,5.0,5.0,5.0,3.0,4.0,3.0,4.0,5.0,5.0,5.0,4.0,4.0,Low,Low,Low JIT & Environmental
GER,401,2,4.666666666666667,2.0,4.333333333333333,4.333333333333333,3.0,4.666666666666667,3.3333333333333335,3.0,2.3333333333333335,4.0,2.5,3.0,3.3333333333333335,4.333333333333333,2.3333333333333335,3.3333333333333335,3.0,1.6666666666666667,4.333333333333333,2.3333333333333335,2.0,3.0,3.3333333333333335,1.6666666666666667,3.0,3.0,2.6666666666666665,3.6666666666666665,3.3333333333333335,3.3333333333333335,4.666666666666667,1.6666666666666667,2.0,2.3333333333333335,3.0,4.666666666666667,4.333333333333333,4.0,3.6666666666666665,3.0,3.6666666666666665,4.0,3.3333333333333335,3.3333333333333335,3.0,2.6666666666666665,3.3333333333333335,4.0,3.3333333333333335,4.0,3.0,4.0,3.0,2.5,1.0,2.5,1.0,2.5,5.0,5.0,107.0,2.5,4.0,4.5,2.0,1.5,5.0,4.5,2.0,4.0,3.5,2.5,4.0,4.333333333333333,3.6666666666666665,3.3333333333333335,3.6666666666666665,3.3333333333333335,3.3333333333333335,3.0,3.3333333333333335,3.0,3.0,3.6666666666666665,3.6666666666666665,3.6666666666666665,3.6666666666666665,4.333333333333333,4.333333333333333,Low,Low,Low JIT & Environmental
GER,403,3,4.0,3.0,4.0,4.0,3.5,4.5,4.0,5.0,4.0,4.5,5.0,3.5,4.0,5.0,3.5,4.5,4.0,4.0,4.5,4.0,4.0,4.0,4.0,4.0,5.0,4.5,3.5,3.5,5.0,5.0,5.0,4.0,5.0,4.0,4.5,5.0,5.0,5.0,5.0,4.0,5.0,5.0,4.5,4.5,4.5,4.5,4.0,3.5,3.5,5.0,4.0,4.0,4.0,3.5,3.5,3.0,3.0,1.0,1.0,1.0,139.0,1.5,4.0,4.0,3.0,2.0,4.0,4.5,3.5,4.5,3.5,3.0,5.0,5.0,4.5,4.0,3.5,3.5,3.5,3.5,3.5,4.0,3.0,3.5,3.5,3.5,4.0,4.0,4.0,Low,High,Mainly Environmental
GER,404,1,4.0,3.0,4.5,4.0,3.0,4.0,3.5,4.0,2.0,4.0,3.5,3.5,4.0,4.5,3.0,4.0,2.0,3.0,4.0,3.5,2.5,3.0,3.5,1.5,2.5,2.0,2.0,4.5,4.0,4.0,5.0,2.0,2.5,2.0,4.0,3.0,3.0,4.0,3.0,3.5,4.0,4.5,4.0,4.5,4.5,5.0,5.0,4.0,4.0,5.0,4.5,3.5,4.0,3.0,2.0,1.0,1.0,1.0,1.0,1.0,218.0,4.0,4.0,4.0,2.5,3.0,4.5,4.5,4.5,4.0,4.0,2.0,4.5,4.5,5.0,3.5,3.0,3.0,3.0,3.5,4.0,4.0,4.0,5.0,4.0,4.0,5.0,4.5,4.0,Low,High,Mainly Environmental
GER,405,1,5.0,2.5,2.5,3.5,3.0,4.0,3.0,4.0,2.5,4.0,3.0,2.5,4.5,4.5,2.5,4.0,2.0,2.5,4.0,2.5,2.0,3.5,4.5,3.0,1.0,2.0,2.0,4.0,4.5,4.0,5.0,3.0,4.0,3.0,5.0,5.0,5.0,5.0,5.0,4.5,3.5,4.0,3.5,4.0,4.0,4.0,3.5,4.0,4.5,5.0,5.0,4.5,5.0,5.0,2.5,1.5,2.0,1.5,1.0,1.0,1022.0,1.0,5.0,4.0,1.0,1.0,4.5,4.0,3.5,5.0,4.0,4.0,3.0,3.0,3.0,3.0,3.0,3.0,3.0,3.0,3.0,3.0,3.0,4.5,4.0,4.5,4.5,3.5,3.0,Low,High,Mainly Environmental
GER,407,3,4.5,3.0,4.0,2.5,3.5,4.5,5.0,5.0,4.0,5.0,4.5,4.0,4.5,5.0,3.5,4.0,4.0,4.0,4.0,4.0,4.0,4.0,4.5,2.5,5.0,4.0,4.0,3.0,4.0,5.0,5.0,2.0,4.0,2.0,5.0,5.0,4.5,4.0,4.0,4.0,5.0,4.0,4.5,4.5,4.5,4.5,4.5,4.5,4.5,4.5,2.0,3.0,3.5,3.0,1.0,4.0,4.5,1.0,1.5,1.5,900.0,4.5,3.5,3.0,3.5,4.5,3.0,3.0,4.0,3.5,4.0,4.5,5.0,5.0,5.0,5.0,3.0,3.0,3.0,3.0,4.0,5.0,3.0,4.0,4.0,4.5,4.5,4.5,4.5,Low,High,Mainly Environmental
GER,408,1,4.0,1.0,2.0,4.0,4.0,4.0,4.0,5.0,1.0,4.0,3.0,4.0,5.0,4.0,2.0,4.0,1.0,5.0,5.0,5.0,5.0,2.0,2.0,2.0,1.0,1.0,2.0,4.0,5.0,5.0,5.0,1.0,1.0,1.0,4.0,5.0,5.0,5.0,5.0,5.0,5.0,4.0,3.0,3.0,3.0,3.0,3.0,3.0,3.0,3.0,2.0,2.0,2.0,2.0,3.5,1.5,4.0,2.0,3.0,1.5,26.0,2.5,3.5,2.5,4.0,1.0,3.5,3.5,2.5,4.0,2.0,2.0,3.0,5.0,5.0,4.0,3.0,3.0,3.0,3.0,3.0,3.0,3.0,3.0,3.0,3.0,3.0,3.0,4.0,Low,High,Mainly Environmental
GER,410,1,3.0,2.0,1.5,2.5,3.5,4.0,2.0,2.5,1.5,3.5,2.0,2.0,3.0,3.5,1.5,2.5,1.0,2.0,2.0,2.5,1.0,1.5,3.0,1.0,1.0,1.5,1.5,2.5,2.5,2.0,5.0,4.0,3.0,1.0,2.0,5.0,3.0,3.0,1.5,2.0,3.0,3.5,3.0,2.0,4.0,3.5,3.5,3.5,3.5,4.0,4.5,4.0,4.0,4.0,3.0,1.0,2.0,2.5,3.0,2.5,113.0,2.0,4.0,4.5,1.0,1.0,4.5,4.5,3.5,4.5,3.5,4.5,3.5,4.5,3.0,3.5,3.0,3.0,3.0,3.0,3.0,3.0,3.0,3.5,3.0,3.0,4.0,3.0,3.5,Low,Low,Low JIT & Environmental
GER,411,3,4.5,2.5,4.0,4.0,3.0,4.0,3.0,5.0,2.0,4.5,3.5,3.0,4.5,5.0,2.5,4.0,1.5,2.0,4.0,3.5,2.0,3.0,2.0,3.0,1.0,2.5,2.0,4.0,4.5,4.5,5.0,3.5,4.0,1.0,3.0,5.0,5.0,4.5,2.0,3.5,2.5,3.0,2.5,2.0,2.0,3.5,3.0,3.0,3.0,4.0,3.5,2.0,2.0,4.0,3.0,2.0,2.5,3.0,1.5,3.0,588.0,4.5,3.5,4.0,3.5,4.5,4.5,4.0,2.0,4.5,2.5,4.0,3.5,4.0,4.5,3.0,3.0,3.0,3.0,3.0,3.0,3.5,3.0,4.0,3.0,3.5,4.5,4.0,3.5,Low,High,Mainly Environmental
GER,412,3,4.5,1.5,4.5,4.0,4.0,5.0,3.0,3.5,1.5,4.0,3.0,3.5,5.0,5.0,3.0,4.0,2.0,2.0,4.0,3.0,2.0,3.0,3.0,3.0,3.0,2.5,2.5,4.5,3.5,3.0,5.0,2.0,2.5,2.5,4.0,5.0,4.5,4.5,3.5,4.5,4.5,4.0,3.5,4.0,4.0,3.5,4.0,4.0,4.5,4.5,4.5,4.0,4.0,4.0,2.0,2.0,1.0,2.0,3.0,2.5,624.0,2.0,3.0,4.0,1.0,1.0,4.0,4.0,3.0,4.0,3.0,3.0,4.5,4.0,4.5,4.0,3.0,3.5,3.0,3.0,3.0,4.0,3.0,4.0,4.5,4.0,4.5,4.5,4.0,Low,High,Mainly Environmental
GER,414,2,4.0,3.0,5.0,4.0,2.0,4.0,3.0,4.0,3.0,4.0,4.0,4.0,4.0,4.0,2.0,5.0,3.0,3.0,5.0,5.0,3.0,3.0,4.0,5.0,4.0,3.0,2.0,4.0,4.0,5.0,5.0,4.0,3.0,1.0,5.0,5.0,5.0,5.0,5.0,5.0,4.0,4.0,3.0,3.0,3.0,3.0,3.0,3.0,4.0,4.0,2.0,3.0,2.0,3.0,3.0,2.5,2.0,1.5,2.5,3.5,1400.0,3.0,5.0,2.0,1.5,1.0,4.0,3.5,4.5,4.0,3.0,1.0,4.0,5.0,5.0,3.0,3.0,3.0,3.0,4.0,3.0,4.0,3.0,3.0,5.0,5.0,3.0,4.0,3.0,Low,High,Mainly Environmental
GER,416,2,4.0,3.0,4.0,3.5,3.0,4.0,2.5,4.5,2.0,4.0,2.5,2.0,3.5,3.5,2.0,3.0,2.5,2.0,4.0,3.0,2.5,2.5,3.5,2.0,4.0,2.0,2.0,3.5,4.0,4.0,1.0,1.5,3.0,2.5,3.5,1.0,2.0,3.5,3.0,3.0,2.5,3.5,3.0,3.5,3.5,3.5,3.5,3.5,3.5,3.5,4.0,3.0,3.0,2.5,1.5,1.5,2.0,1.0,4.0,1.0,517.0,3.5,3.0,4.0,2.5,2.5,4.0,4.0,4.0,2.5,3.0,3.0,4.5,4.5,4.5,4.0,3.0,3.0,3.0,3.0,3.0,3.5,3.0,4.0,4.0,4.0,4.0,3.5,3.5,Low,Low,Low JIT & Environmental
GER,418,2,4.5,2.5,4.0,4.0,3.5,4.5,3.5,4.0,3.0,4.5,4.0,4.0,4.5,4.5,4.0,4.5,2.5,3.5,4.5,3.5,3.5,3.5,4.0,2.5,3.5,4.0,3.0,4.0,4.0,4.5,4.5,2.0,4.5,3.5,4.0,4.0,4.0,4.0,4.0,4.0,3.5,4.5,4.0,4.0,4.0,4.0,4.0,4.0,4.5,4.5,4.0,4.0,4.0,2.0,2.0,4.0,1.0,3.0,3.0,3.5,1012.0,3.5,3.0,3.5,3.0,3.5,3.5,3.5,3.5,1.0,3.0,3.0,4.0,3.5,4.0,4.0,3.5,4.0,4.0,4.0,3.5,4.0,3.0,3.5,4.0,3.5,4.0,4.0,4.0,Low,High,Mainly Environmental
GER,419,2,3.0,3.0,4.0,2.0,2.0,4.0,2.0,4.0,3.0,2.0,2.0,3.0,4.0,4.0,3.0,5.0,4.0,4.0,5.0,3.0,2.0,4.0,3.0,2.0,5.0,5.0,4.0,5.0,3.0,4.0,4.0,3.0,5.0,3.0,4.0,4.0,3.0,4.0,5.0,4.0,3.0,4.0,4.0,3.0,3.0,4.0,2.0,4.0,4.0,4.0,3.0,2.0,2.0,4.0,2.0,1.0,3.0,3.0,2.0,2.0,900.0,3.0,4.0,2.0,1.0,1.0,4.0,4.0,2.0,2.0,3.0,1.0,4.0,4.0,2.0,3.0,4.0,5.0,4.0,2.0,3.0,3.0,4.0,2.0,2.0,3.0,3.0,3.0,4.0,Low,High,Mainly Environmental
GER,420,2,3.5,3.5,3.0,3.5,3.0,4.0,3.0,3.5,2.5,3.5,2.5,3.0,4.5,5.0,3.5,3.5,2.5,3.5,4.5,3.5,3.5,2.5,4.0,3.0,4.5,4.0,4.0,3.5,4.5,4.5,5.0,4.0,4.5,3.0,4.0,5.0,5.0,4.0,3.0,3.0,3.5,3.5,2.5,3.0,3.0,4.5,4.5,3.0,3.5,4.5,3.5,4.0,4.0,5.0,3.0,1.5,3.0,2.0,2.5,1.5,4882.0,2.0,4.0,3.5,1.0,2.0,3.5,3.5,3.5,4.5,1.5,2.0,4.0,5.0,4.5,4.0,3.0,3.5,4.5,3.5,4.0,4.0,3.5,4.5,4.5,4.5,4.0,4.5,4.5,Low,High,Mainly Environmental
GER,421,3,4.0,2.0,4.5,4.0,2.0,4.5,2.5,2.5,2.0,3.5,3.0,2.0,4.5,4.0,2.0,3.5,1.5,2.0,3.0,2.5,2.0,2.0,3.0,2.0,2.5,2.5,2.5,3.5,2.5,4.0,4.0,2.5,3.0,2.0,4.0,4.5,4.5,3.5,3.0,3.0,3.0,3.5,3.5,3.5,4.0,3.5,4.0,4.0,4.0,4.5,3.5,3.5,4.0,4.5,1.5,1.5,3.0,1.0,5.0,1.0,1100.0,5.0,5.0,4.0,5.0,5.0,5.0,5.0,4.0,4.5,4.0,4.0,3.5,4.5,4.0,3.5,3.0,3.0,3.0,3.0,3.0,3.0,3.0,3.5,4.0,4.0,4.0,4.0,3.5,Low,Low,Low JIT & Environmental
GER,422,2,3.0,4.0,4.0,4.0,2.0,3.0,3.5,4.0,4.0,4.0,4.0,3.0,4.0,5.0,3.0,4.0,2.0,4.0,3.5,4.0,2.0,3.0,3.0,4.0,4.0,3.0,2.5,4.0,4.0,5.0,5.0,4.5,5.0,3.0,4.0,5.0,5.0,4.0,4.0,3.0,3.0,4.0,4.0,4.0,4.0,4.0,4.0,4.0,4.0,4.0,4.0,4.0,3.5,3.0,3.5,2.5,2.5,2.5,2.0,2.0,678.0,1.5,4.5,2.5,1.5,1.5,4.0,4.0,1.5,2.5,3.5,1.5,4.0,5.0,4.0,3.0,3.0,3.0,4.0,3.0,4.0,4.0,3.0,3.0,5.0,5.0,4.0,4.0,5.0,Low,High,Mainly Environmental
GER,423,2,3.5,2.5,2.0,2.5,2.5,3.5,3.5,3.0,1.5,2.0,2.5,2.5,3.0,3.5,2.5,3.0,2.0,3.0,3.5,2.5,2.5,3.0,3.5,2.0,1.5,2.0,2.0,2.0,2.5,4.0,5.0,2.5,3.0,3.0,3.0,5.0,3.5,3.5,3.0,3.0,3.0,2.0,2.5,2.0,3.0,3.0,3.0,3.0,3.0,4.0,5.0,4.5,5.0,4.5,3.0,2.0,4.0,2.0,4.5,4.5,1800.0,4.0,3.0,4.0,2.5,2.5,4.5,3.5,3.5,3.0,3.5,2.5,3.0,3.5,4.0,2.5,2.5,3.0,3.0,3.5,3.0,3.0,3.0,3.0,3.5,3.5,3.0,3.5,3.0,High,Low,Mainly JIT
GER,425,2,3.6666666666666665,2.6666666666666665,2.6666666666666665,3.3333333333333335,2.6666666666666665,4.0,4.0,4.666666666666667,2.3333333333333335,4.666666666666667,3.3333333333333335,2.3333333333333335,4.666666666666667,4.0,2.6666666666666665,3.6666666666666665,2.0,2.6666666666666665,4.0,2.6666666666666665,2.6666666666666665,3.0,4.0,2.0,3.3333333333333335,2.6666666666666665,1.6666666666666667,3.3333333333333335,4.333333333333333,4.666666666666667,4.0,3.6666666666666665,4.333333333333333,2.3333333333333335,4.0,3.6666666666666665,3.3333333333333335,3.6666666666666665,3.6666666666666665,2.6666666666666665,2.6666666666666665,3.3333333333333335,3.0,3.0,2.6666666666666665,2.6666666666666665,3.3333333333333335,3.3333333333333335,4.0,4.333333333333333,4.0,3.5,4.0,3.5,1.0,3.0,2.5,2.0,2.0,2.0,2154.0,1.0,5.0,3.0,1.0,1.0,3.0,3.0,2.0,4.5,2.0,1.5,4.333333333333333,3.6666666666666665,4.0,3.6666666666666665,3.0,3.0,3.0,3.0,3.0,3.6666666666666665,3.0,4.666666666666667,4.333333333333333,3.3333333333333335,4.333333333333333,3.6666666666666665,3.6666666666666665,Low,Low,Low JIT & Environmental
ESP,1202,2,4.0,1.0,4.0,4.0,3.0,5.0,5.0,5.0,2.0,4.0,4.0,2.0,4.0,4.0,2.0,4.0,2.0,3.0,5.0,3.0,4.0,4.0,4.0,4.0,4.0,5.0,3.0,2.0,5.0,5.0,5.0,5.0,4.0,2.0,5.0,5.0,5.0,4.0,4.0,5.0,4.0,3.0,3.0,3.0,3.0,3.0,3.0,3.0,3.0,3.0,4.0,4.0,4.0,4.0,4.0,3.5,3.0,3.3333333333333335,3.3333333333333335,3.3333333333333335,521.0,4.333333333333333,3.6666666666666665,3.8333333333333335,2.8333333333333335,3.3333333333333335,4.0,4.0,3.0,5.0,4.0,1.0,4.0,5.0,4.0,3.0,3.0,4.0,5.0,3.0,3.0,4.0,3.0,4.0,4.0,4.0,3.0,3.0,4.0,High,High,High JIT & Environmental
ESP,1203,2,4.0,1.0,4.0,4.0,3.0,5.0,4.0,5.0,3.0,4.0,4.0,3.0,5.0,5.0,2.0,4.0,3.0,3.0,4.0,2.0,3.0,3.0,3.0,1.0,1.0,3.0,3.0,2.0,5.0,4.0,4.0,2.0,3.0,2.0,5.0,2.0,3.0,3.0,4.0,3.0,4.0,3.0,2.0,3.0,3.0,3.0,3.0,3.0,3.0,3.0,4.0,3.0,3.0,1.0,1.0,1.0,1.0,4.0,2.0,2.0,135.0,1.0,2.0,1.0,1.0,1.0,2.0,2.0,4.0,3.0,3.0,2.0,3.0,4.0,4.0,2.0,2.0,2.0,3.0,4.0,3.0,3.0,2.0,4.0,4.0,4.0,3.0,3.0,3.0,Low,Low,Low JIT & Environmental
ESP,1204,3,2.0,1.0,3.0,3.0,1.0,5.0,4.0,5.0,3.0,3.0,3.0,3.0,5.0,4.0,1.0,2.0,1.0,1.0,4.0,1.0,1.0,1.0,1.0,1.0,1.0,1.0,2.0,1.0,3.0,3.0,5.0,2.0,1.0,1.0,5.0,5.0,5.0,2.0,2.0,2.0,2.0,4.0,3.0,3.0,3.0,4.0,4.0,3.0,4.0,3.0,3.0,3.0,4.0,3.0,5.0,4.0,4.0,1.0,4.0,5.0,278.0,4.0,5.0,4.0,3.0,5.0,4.0,4.0,5.0,3.0,2.0,1.0,4.0,4.0,4.0,2.0,3.0,3.0,3.0,4.0,3.0,4.0,3.0,4.0,4.0,4.0,4.0,4.0,3.0,High,Low,Mainly JIT
ESP,1205,3,2.0,3.0,5.0,4.0,3.0,4.0,4.0,4.0,4.0,3.0,1.0,5.0,4.0,4.0,1.0,3.0,2.0,1.0,2.0,3.0,3.0,3.0,3.0,3.0,3.0,1.0,3.0,3.0,3.0,3.0,4.0,4.0,1.0,1.0,5.0,5.0,5.0,5.0,5.0,3.0,4.0,4.0,4.0,4.0,4.0,4.0,4.0,4.0,4.0,3.0,4.0,3.0,3.0,4.0,4.0,4.0,4.0,1.0,3.5,2.0,140.0,4.0,3.5,3.0,3.0,3.0,4.0,4.0,2.5,2.0,4.0,3.0,4.0,4.0,4.0,5.0,3.0,3.0,3.0,3.0,5.0,3.0,4.0,4.0,3.0,3.0,4.0,4.0,4.0,High,Low,Mainly JIT
ESP,1206,2,3.5,1.0,3.5,4.0,1.0,4.0,2.5,4.0,2.0,3.0,2.5,1.5,5.0,4.5,1.5,3.5,1.5,3.0,3.5,2.0,2.5,3.0,3.5,2.5,3.0,3.5,3.0,4.0,4.5,5.0,5.0,1.0,5.0,3.0,5.0,5.0,5.0,5.0,4.5,4.5,4.5,2.5,3.0,3.5,3.0,3.5,4.0,3.5,3.5,4.0,4.0,3.0,3.5,4.0,4.0,4.0,2.0,1.0,5.0,4.0,419.0,5.0,5.0,4.0,3.0,3.0,5.0,5.0,4.0,3.0,4.0,3.5,4.5,5.0,5.0,4.0,3.5,4.5,4.0,4.0,4.5,4.5,3.0,4.5,5.0,5.0,5.0,5.0,4.0,High,High,High JIT & Environmental
ESP,1208,1,3.0,1.0,3.0,3.0,1.0,4.0,1.0,5.0,1.0,3.0,1.0,5.0,3.0,3.0,3.0,4.0,1.0,4.0,3.0,1.0,2.0,2.0,1.0,1.0,2.0,1.0,2.0,4.0,1.0,1.0,5.0,3.0,1.0,1.0,5.0,5.0,4.0,3.0,3.0,3.0,1.0,4.0,3.0,3.0,4.0,3.5,4.0,2.5,3.5,4.5,5.0,2.5,3.5,3.5,2.0,2.5,3.0,2.0,4.0,4.0,187.0,4.5,5.0,4.0,3.5,3.0,5.0,4.5,3.0,2.0,4.0,2.0,4.0,5.0,5.0,4.0,4.0,3.0,3.0,3.0,3.0,3.0,4.0,4.0,3.0,4.0,4.0,4.0,5.0,Low,Low,Low JIT & Environmental
ESP,1216,3,5.0,2.0,4.0,4.0,3.0,5.0,4.0,4.0,2.0,5.0,5.0,4.0,4.0,5.0,4.0,4.0,2.0,2.0,3.0,2.0,2.0,2.0,2.0,2.0,2.0,3.0,4.0,3.0,4.0,4.0,5.0,2.0,3.0,3.0,5.0,5.0,5.0,5.0,3.0,5.0,3.0,3.0,3.0,3.0,3.0,4.0,4.0,5.0,5.0,3.0,4.5,2.5,3.0,2.0,2.0,2.0,3.0,2.0,5.0,2.0,120.0,4.0,4.0,3.0,4.0,2.0,4.0,4.0,2.0,3.0,2.5,3.0,4.0,5.0,5.0,3.0,3.0,3.0,3.0,3.0,3.0,3.0,3.0,4.0,4.0,4.0,4.0,4.0,4.0,Low,High,Mainly Environmental
ESP,1217,3,3.0,3.0,4.0,2.0,2.0,4.0,2.0,3.0,2.0,5.0,2.0,2.0,4.0,4.0,2.0,4.0,2.0,2.0,5.0,2.0,2.0,2.0,2.0,4.0,5.0,4.0,2.0,3.0,4.0,4.0,5.0,3.0,3.0,4.0,5.0,5.0,5.0,5.0,4.0,4.0,4.0,4.0,3.0,4.0,4.0,5.0,5.0,4.0,5.0,5.0,4.0,4.0,2.0,2.0,3.0,2.0,1.0,2.0,4.0,1.0,244.0,3.0,4.0,3.0,2.0,2.0,4.0,4.0,3.0,4.0,4.0,4.0,4.0,5.0,5.0,4.0,4.0,3.0,3.0,4.0,3.0,4.0,3.0,5.0,5.0,5.0,5.0,4.0,5.0,Low,High,Mainly Environmental
ESP,1218,2,5.0,1.0,4.0,4.0,3.0,4.0,2.0,4.0,2.0,3.0,2.0,4.0,4.0,4.0,2.0,3.0,1.0,3.0,4.0,3.0,1.0,2.0,2.0,1.0,3.0,2.0,2.0,5.0,4.0,5.0,5.0,4.0,1.0,1.0,5.0,5.0,5.0,5.0,3.0,4.0,3.0,4.0,4.0,4.0,4.0,4.0,4.0,4.0,4.0,3.0,4.0,3.0,4.0,5.0,3.0,1.0,4.0,4.0,2.0,3.0,245.0,2.0,3.0,2.0,1.0,1.0,4.0,4.0,3.0,4.0,3.0,2.0,4.0,4.0,5.0,3.0,3.0,3.0,3.0,3.0,3.0,3.0,3.0,4.0,4.0,4.0,4.0,4.0,3.0,High,Low,Mainly JIT
ESP,1219,2,4.0,1.5,5.0,4.0,4.0,5.0,4.0,3.5,1.0,4.5,2.5,5.0,4.5,5.0,3.5,5.0,1.5,2.0,4.0,4.5,4.0,3.0,4.5,3.5,3.5,4.0,4.5,3.0,5.0,4.5,5.0,5.0,5.0,5.0,5.0,5.0,5.0,3.5,4.0,3.5,4.5,4.5,3.5,4.5,4.5,4.0,3.5,5.0,5.0,5.0,4.0,3.0,4.0,3.0,4.0,5.0,3.5,2.0,1.5,3.0,225.0,4.0,3.5,3.5,2.0,2.0,4.0,4.0,3.5,3.0,2.5,4.0,5.0,5.0,5.0,3.5,3.5,3.5,3.0,4.5,3.0,4.5,3.0,4.5,5.0,4.5,5.0,5.0,5.0,Low,High,Mainly Environmental
ESP,1221,1,4.5,1.5,2.5,3.5,3.0,4.5,4.5,1.0,3.5,3.5,2.5,3.0,4.5,4.5,4.0,2.5,3.0,3.5,4.0,1.5,2.0,2.0,1.0,1.0,2.0,1.5,3.0,4.5,4.0,5.0,5.0,4.0,3.5,2.5,4.5,5.0,5.0,3.0,3.5,4.0,3.5,3.5,3.5,3.5,3.0,3.0,3.0,3.5,3.5,3.0,4.5,3.0,4.0,3.0,3.0,3.0,1.0,1.0,3.5,2.0,187.0,3.0,3.0,2.5,3.5,2.0,4.0,4.0,2.5,3.5,3.0,3.0,4.5,5.0,3.0,3.5,3.5,3.0,3.0,3.0,3.0,3.0,3.0,3.5,3.0,3.0,3.5,4.0,3.5,Low,High,Mainly Environmental
ESP,1223,1,4.0,2.0,5.0,4.0,5.0,4.0,2.0,5.0,2.0,4.0,5.0,4.0,4.0,4.0,2.0,4.0,2.0,3.0,4.0,2.0,2.0,2.0,4.0,5.0,3.0,4.0,4.0,3.0,4.0,3.0,5.0,5.0,4.0,4.0,5.0,2.0,4.0,4.0,5.0,4.0,4.0,4.0,3.0,4.0,4.0,5.0,5.0,4.0,4.0,5.0,4.0,4.0,4.0,4.0,2.0,4.0,4.0,1.0,3.0,1.0,750.0,4.0,4.0,5.0,4.0,1.0,4.0,4.0,5.0,4.0,4.0,3.0,5.0,3.0,5.0,4.0,3.0,4.0,5.0,3.0,4.0,5.0,3.0,4.0,3.0,4.0,5.0,4.0,4.0,High,High,High JIT & Environmental
ESP,1224,1,3.0,3.0,5.0,3.0,2.0,5.0,2.0,5.0,1.0,5.0,2.0,3.0,5.0,5.0,4.0,4.0,3.0,5.0,4.0,4.0,3.0,2.0,2.0,1.0,3.0,4.0,2.0,2.0,5.0,5.0,4.0,3.0,5.0,4.0,5.0,1.0,3.0,4.0,3.0,4.0,3.0,4.0,4.0,4.0,4.0,4.0,4.0,3.0,3.0,5.0,5.0,4.0,4.0,4.0,3.0,4.0,4.0,1.0,4.0,1.0,300.0,1.0,4.0,4.0,4.0,1.0,4.0,4.0,4.0,5.0,5.0,4.0,5.0,5.0,5.0,2.0,3.0,2.0,3.0,3.0,2.0,3.0,2.0,4.0,5.0,5.0,5.0,5.0,4.0,High,Low,Mainly JIT
ISR,1503,1,3.0,2.0,1.0,2.0,2.0,4.0,1.0,4.0,5.0,4.0,2.0,1.0,4.0,3.0,1.0,1.0,1.0,3.0,3.0,1.0,1.0,1.0,1.0,1.0,1.0,1.0,1.0,1.0,3.0,3.0,5.0,1.0,1.0,1.0,3.0,5.0,1.0,1.0,1.0,1.0,1.0,1.0,1.0,1.0,1.0,1.0,3.0,4.0,5.0,1.0,3.0,3.0,3.0,4.0,4.0,4.0,3.0,1.0,2.0,2.0,500.0,4.0,5.0,3.0,3.0,3.0,5.0,4.0,3.0,3.0,3.0,3.0,1.0,1.0,1.0,1.0,1.0,1.0,1.0,1.0,1.0,1.0,1.0,1.0,1.0,1.0,1.0,4.0,1.0,Low,Low,Low JIT & Environmental
ISR,1512,1,2.0,1.0,5.0,4.0,3.0,5.0,5.0,5.0,1.0,5.0,4.0,5.0,5.0,5.0,3.0,3.0,1.0,5.0,5.0,2.0,2.0,2.0,4.0,1.0,4.0,3.0,3.0,4.0,5.0,5.0,5.0,4.0,5.0,1.0,5.0,5.0,5.0,5.0,4.0,3.0,3.0,3.0,3.0,3.0,3.0,3.0,3.0,3.0,3.0,5.0,5.0,4.0,5.0,5.0,5.0,3.0,1.0,2.0,4.0,4.0,1200.0,5.0,5.0,5.0,1.0,1.0,4.0,4.0,2.0,3.0,2.0,1.0,4.0,4.0,4.0,1.0,1.0,2.0,3.0,1.0,1.0,3.0,1.0,4.0,4.0,4.0,1.0,4.0,4.0,High,High,High JIT & Environmental
ISR,1518,1,5.0,2.0,5.0,5.0,5.0,5.0,5.0,5.0,5.0,5.0,5.0,5.0,5.0,5.0,5.0,5.0,1.0,3.0,5.0,5.0,3.0,5.0,5.0,5.0,5.0,3.0,3.0,5.0,5.0,5.0,5.0,5.0,5.0,5.0,5.0,5.0,5.0,5.0,5.0,5.0,5.0,5.0,5.0,5.0,5.0,5.0,5.0,5.0,5.0,5.0,5.0,5.0,5.0,5.0,4.0,5.0,5.0,1.0,3.0,3.0,3600.0,4.0,4.0,3.0,1.0,1.0,4.0,4.0,1.0,5.0,5.0,5.0,5.0,5.0,5.0,5.0,5.0,5.0,5.0,4.0,4.0,5.0,4.0,5.0,5.0,5.0,5.0,5.0,5.0,High,High,High JIT & Environmental
SWE,601,1,3.0,1.0,3.0,3.0,3.0,4.0,1.0,1.0,1.0,4.0,1.0,1.0,4.0,4.0,1.0,4.0,1.0,4.0,4.0,3.0,3.0,1.0,1.0,3.0,1.0,1.0,3.0,3.0,4.0,3.0,4.0,3.0,3.0,3.0,4.0,4.0,4.0,4.0,3.0,4.0,4.0,4.0,4.0,4.0,4.0,4.0,3.0,3.0,4.0,3.0,5.0,5.0,4.0,4.0,4.0,4.0,4.0,3.0,3.0,3.0,480.0,5.0,5.0,5.0,5.0,5.0,5.0,5.0,5.0,5.0,5.0,5.0,4.0,3.0,3.0,3.0,3.0,4.0,4.0,4.0,4.0,4.0,3.0,3.0,3.0,3.0,4.0,4.0,4.0,High,Low,Mainly JIT
SWE,602,2,3.0,1.0,3.0,3.0,1.0,3.0,2.0,2.0,2.0,3.0,1.0,3.0,4.0,3.0,2.0,3.0,1.0,1.0,4.0,2.0,1.0,2.0,1.0,2.0,1.0,3.0,3.0,3.0,3.0,4.0,4.0,3.0,2.0,2.0,4.0,2.0,2.0,2.0,2.0,2.0,3.0,4.0,3.0,4.0,4.0,4.0,4.0,4.0,4.0,4.0,4.0,4.0,4.0,1.0,4.0,5.0,1.0,2.0,1.0,2.0,281.0,3.0,4.0,4.0,2.0,2.0,4.0,3.0,1.0,2.0,2.0,2.0,5.0,5.0,4.0,4.0,4.0,3.0,3.0,3.0,3.0,3.0,4.0,4.0,3.0,4.0,4.0,4.0,3.0,Low,Low,Low JIT & Environmental
SWE,605,2,4.0,1.0,2.0,3.0,2.0,4.0,3.0,4.0,1.0,3.0,1.0,2.0,4.0,4.0,3.0,3.0,1.0,1.0,4.0,2.0,2.0,2.0,3.0,1.0,5.0,4.0,4.0,4.0,3.0,4.0,1.0,2.0,2.0,2.0,3.0,1.0,3.0,4.0,2.0,2.0,2.0,3.0,3.0,3.0,3.0,3.0,3.0,3.0,3.0,3.0,4.0,4.0,4.0,4.0,1.0,1.0,1.0,1.0,1.0,2.0,185.0,5.0,5.0,4.0,2.0,2.0,5.0,5.0,3.0,2.0,2.0,2.0,4.0,5.0,4.0,4.0,3.0,3.0,3.0,3.0,4.0,4.0,3.0,4.0,4.0,4.0,4.0,5.0,5.0,Low,Low,Low JIT & Environmental
SWE,608,1,4.0,1.0,3.0,3.0,4.0,5.0,2.0,3.0,3.0,3.0,2.0,3.0,4.0,3.0,2.0,2.0,1.0,1.0,3.0,2.0,1.0,1.0,1.0,1.0,1.0,3.0,3.0,1.0,1.0,4.0,5.0,3.0,3.0,3.0,2.0,1.0,4.0,1.0,1.0,2.0,3.0,3.0,3.0,3.0,3.0,3.0,3.0,3.0,3.0,3.0,4.0,5.0,4.0,3.0,1.0,2.0,5.0,1.0,1.0,1.0,70.0,3.0,4.0,5.0,3.0,1.0,4.0,4.0,5.0,4.0,4.0,4.0,3.0,3.0,3.0,3.0,3.0,3.0,3.0,3.0,3.0,3.0,3.0,3.0,3.0,3.0,3.0,3.0,3.0,Low,Low,Low JIT & Environmental
ITA,1301,2,3.5,3.0,4.0,4.5,3.0,2.5,3.0,3.0,3.0,4.0,3.0,3.0,3.0,3.5,3.0,4.0,3.0,3.0,5.0,3.0,3.0,3.0,3.0,3.0,3.0,3.0,3.0,3.0,3.0,3.0,3.0,3.0,3.0,3.0,4.5,3.0,3.0,4.0,3.0,3.0,3.0,5.0,5.0,4.5,5.0,5.0,5.0,4.0,4.0,4.0,2.0,3.0,2.0,1.5,3.0,4.5,4.5,1.5,2.5,1.5,197.0,3.0,3.5,2.0,1.0,1.0,3.0,3.0,3.0,4.0,3.0,3.0,4.0,4.0,4.0,3.0,3.0,2.0,2.5,3.0,2.0,2.5,3.0,5.0,5.0,5.0,3.5,5.0,5.0,Low,Low,Low JIT & Environmental
ITA,1302,1,3.5,3.0,4.0,3.5,4.0,4.0,2.5,3.5,2.5,3.5,4.5,3.5,4.0,4.0,3.0,4.0,2.0,2.5,4.0,3.5,2.5,3.5,3.0,4.0,4.0,2.5,2.5,2.0,4.0,4.0,4.0,4.0,2.5,2.5,3.5,4.5,4.5,4.0,3.0,3.5,3.5,4.0,4.0,4.0,4.0,4.0,5.0,5.0,5.0,5.0,3.5,2.0,2.0,2.5,3.0,3.0,4.0,3.5,3.5,3.5,210.0,3.0,3.5,3.0,3.5,3.5,4.0,4.0,3.0,3.0,3.5,3.5,5.0,4.5,4.5,4.5,4.0,4.0,4.0,4.0,4.0,3.0,3.0,5.0,5.0,4.5,4.0,5.0,4.0,Low,High,Mainly Environmental
ITA,1303,2,4.0,1.0,3.0,4.0,3.0,2.0,2.5,2.0,2.0,4.5,2.5,2.0,4.5,3.5,2.5,4.0,2.0,3.0,4.5,2.0,3.0,2.5,3.0,1.5,4.0,1.0,1.0,4.0,3.0,4.0,5.0,3.5,3.0,1.0,5.0,5.0,4.5,4.5,3.0,4.0,4.0,3.0,3.0,3.5,3.0,3.0,3.5,3.0,4.0,3.0,4.5,4.5,4.5,4.0,4.0,3.5,4.0,4.0,4.5,4.0,496.0,4.0,4.5,3.5,4.0,3.5,4.0,4.0,2.0,4.5,4.5,3.5,3.0,3.5,4.0,3.0,3.0,3.0,3.0,3.0,3.0,3.5,3.0,3.0,3.5,3.5,3.5,3.5,3.5,High,Low,Mainly JIT
ITA,1305,1,3.0,1.0,3.5,4.0,5.0,4.0,3.0,1.0,1.0,3.5,2.0,3.0,4.0,4.0,3.0,3.5,1.0,2.0,4.5,1.0,1.5,1.0,1.0,1.0,4.0,2.0,2.0,4.0,4.0,4.0,1.0,1.0,1.0,1.0,5.0,1.0,4.0,4.0,3.0,3.0,3.0,3.0,3.5,3.5,3.5,3.5,4.0,3.5,4.0,3.0,4.0,4.0,3.5,3.0,3.0,3.0,3.5,2.0,2.0,2.0,341.0,3.5,3.5,4.0,2.0,2.0,4.0,4.0,4.0,3.5,4.0,2.0,4.0,5.0,4.0,3.0,3.0,3.5,3.5,3.0,3.5,3.0,3.0,3.5,3.5,3.5,3.5,5.0,3.5,Low,Low,Low JIT & Environmental
ITA,1306,2,3.5,2.5,5.0,4.5,4.0,4.5,3.0,4.5,3.0,4.5,4.5,4.0,4.5,4.5,2.5,3.0,2.0,5.0,5.0,4.5,2.5,3.5,3.5,4.0,4.5,4.0,4.0,4.5,5.0,5.0,5.0,5.0,5.0,4.0,4.0,5.0,5.0,5.0,3.0,3.5,3.5,4.0,3.5,4.0,4.5,4.0,3.5,3.5,3.5,3.5,3.0,2.0,3.0,3.0,4.0,4.0,4.0,3.0,3.0,2.0,550.0,3.0,3.0,4.0,3.0,2.0,4.0,4.0,2.0,3.0,3.0,4.0,4.5,4.0,3.5,3.0,3.0,3.5,3.0,3.0,3.0,4.5,3.5,4.0,3.5,3.5,4.5,4.5,5.0,Low,High,Mainly Environmental
ITA,1307,2,4.0,3.5,3.5,4.5,3.5,3.5,2.0,3.5,2.5,4.0,3.5,2.0,4.5,5.0,3.5,4.5,2.5,2.0,5.0,2.0,2.0,2.0,2.5,2.5,4.5,4.0,3.5,4.5,3.5,3.0,5.0,2.5,2.0,2.5,4.5,5.0,5.0,4.5,3.0,3.0,3.0,3.5,3.0,3.0,3.0,3.0,3.0,3.0,3.0,3.0,3.5,4.0,3.5,2.5,2.5,2.0,3.0,3.0,3.5,3.5,221.0,3.0,2.0,2.5,2.5,2.5,3.0,3.0,3.5,2.5,2.0,2.0,5.0,5.0,5.0,3.5,3.0,3.0,3.0,3.0,3.0,3.0,3.0,4.5,4.5,4.5,4.5,3.5,4.5,Low,High,Mainly Environmental
ITA,1308,3,4.0,1.5,3.5,4.0,3.0,4.0,2.0,1.0,1.0,4.0,2.0,2.0,3.5,4.0,1.0,2.5,1.0,1.0,4.5,1.5,2.0,1.5,2.5,1.0,3.0,2.5,1.0,3.0,1.5,2.5,1.0,1.0,3.0,1.0,3.5,1.0,2.0,4.0,1.0,2.0,4.0,3.0,3.0,3.0,3.0,3.0,3.0,3.0,3.0,3.0,2.5,3.0,2.5,2.5,3.0,3.0,2.0,2.0,4.0,4.5,140.0,3.0,3.5,4.0,1.5,1.0,3.0,3.0,3.0,4.0,4.0,4.0,4.0,5.0,5.0,3.5,3.0,3.0,3.0,3.0,3.0,3.0,3.0,3.0,3.5,4.0,3.0,4.0,4.0,Low,Low,Low JIT & Environmental
ITA,1309,2,3.0,1.0,5.0,4.0,4.0,5.0,2.0,4.0,4.0,5.0,4.0,4.0,5.0,5.0,2.0,4.0,1.0,5.0,5.0,3.0,3.0,4.0,5.0,4.0,5.0,2.0,2.0,4.0,5.0,5.0,5.0,4.0,5.0,1.0,5.0,5.0,5.0,5.0,3.0,3.0,3.0,5.0,3.0,4.0,5.0,3.0,5.0,3.0,3.0,3.0,4.0,4.0,4.0,4.0,3.0,2.0,3.0,1.0,1.0,2.0,287.0,4.0,4.0,1.0,1.0,1.0,4.0,4.0,5.0,4.0,4.0,2.0,5.0,5.0,5.0,4.0,4.0,3.0,3.0,3.0,3.0,5.0,3.0,3.0,3.0,3.0,4.0,4.0,3.0,Low,High,Mainly Environmental
ITA,1310,3,3.5,2.5,3.5,4.0,3.5,4.0,2.5,4.5,2.0,4.0,4.5,4.0,4.0,3.5,1.0,3.5,1.5,2.5,4.0,3.0,4.0,4.5,4.5,4.0,4.5,4.0,4.0,5.0,4.5,4.0,5.0,4.0,3.5,2.5,4.5,5.0,5.0,5.0,4.5,5.0,4.5,3.5,3.0,3.0,3.0,4.0,4.0,4.0,4.0,3.0,3.5,4.0,4.5,4.5,4.5,3.0,3.5,3.5,2.0,1.5,9.0,3.5,2.5,3.0,3.0,3.0,3.0,3.5,3.5,4.0,3.5,3.5,4.5,4.0,4.5,3.5,3.5,3.5,4.5,3.5,3.5,3.5,3.0,4.5,5.0,5.0,4.5,5.0,4.5,High,High,High JIT & Environmental
ITA,1311,2,2.0,1.5,3.5,3.0,2.5,3.0,2.5,2.5,1.0,4.0,3.5,2.0,4.0,5.0,2.5,3.5,2.0,1.5,4.5,3.0,2.0,2.5,3.0,2.5,4.0,2.0,2.0,3.5,3.5,4.0,5.0,2.5,2.5,2.0,5.0,4.5,4.5,4.0,1.5,2.5,3.0,3.0,3.0,3.5,3.0,3.5,3.0,4.0,4.0,3.0,4.0,4.0,4.0,3.5,3.5,4.0,3.5,1.0,1.5,2.0,439.0,2.0,4.5,5.0,1.0,1.0,4.5,5.0,5.0,3.5,4.0,3.5,4.0,3.0,3.5,2.0,3.0,3.0,3.0,3.0,3.0,3.0,2.5,3.0,3.0,3.0,3.5,4.0,4.0,High,Low,Mainly JIT
ITA,1319,2,2.5,2.5,3.0,3.5,3.5,2.0,1.5,3.0,2.0,3.5,2.0,2.0,3.5,3.5,2.0,1.5,1.5,2.0,2.5,2.0,2.0,1.5,1.5,2.5,3.0,1.5,1.5,2.5,2.5,3.0,2.0,2.0,2.0,2.0,3.5,1.5,1.5,2.5,2.0,2.5,1.5,2.5,2.5,2.5,3.0,2.5,2.5,3.0,2.0,3.0,3.0,3.0,2.5,2.5,2.0,2.5,1.5,1.0,1.0,1.5,2.0,1.0,3.0,2.0,1.0,1.5,3.0,3.5,2.5,2.0,2.0,1.5,4.0,3.5,3.5,3.0,3.5,3.0,3.0,3.0,3.0,3.0,3.5,3.5,4.0,4.0,3.5,4.0,3.0,Low,Low,Low JIT & Environmental
ITA,1320,1,3.0,2.0,4.0,4.0,2.0,4.0,3.0,3.0,2.0,4.0,3.0,2.0,4.0,4.0,3.0,5.0,2.0,3.0,5.0,2.0,2.0,2.0,5.0,4.0,5.0,3.0,3.0,4.0,3.0,4.0,5.0,3.0,2.0,1.0,5.0,5.0,5.0,4.0,2.0,4.0,2.0,5.0,3.0,4.0,4.0,5.0,5.0,4.0,5.0,5.0,5.0,5.0,5.0,4.0,3.0,3.0,4.0,1.0,3.0,1.0,310.0,5.0,4.0,4.0,4.0,3.0,3.0,3.0,5.0,4.0,5.0,4.0,4.0,4.0,5.0,3.0,3.0,4.0,4.0,3.0,4.0,3.0,3.0,4.0,5.0,5.0,4.0,5.0,4.0,High,Low,Mainly JIT
ITA,1322,2,3.0,1.0,4.0,4.0,2.0,4.0,2.0,2.0,2.0,4.0,4.0,3.0,4.0,4.0,2.0,3.0,2.0,4.0,4.0,2.0,3.0,3.0,3.0,3.0,3.0,3.0,3.0,2.0,2.0,2.0,4.0,2.0,4.0,1.0,5.0,4.0,4.0,4.0,2.0,4.0,3.0,3.0,3.0,4.0,4.0,4.0,5.0,3.0,3.0,3.0,3.0,3.0,3.5,4.0,4.0,3.0,4.0,3.0,3.5,3.5,604.0,3.0,3.0,3.0,2.0,2.0,3.0,3.5,4.5,3.5,3.0,4.0,4.0,3.0,4.0,3.0,3.0,3.0,3.0,3.0,3.0,3.0,3.0,5.0,5.0,5.0,3.0,5.0,3.0,High,Low,Mainly JIT
ITA,1323,2,1.5,1.0,1.5,2.5,1.5,3.0,1.0,2.0,1.0,3.0,2.5,3.5,3.5,3.5,2.0,1.5,1.0,4.5,4.5,3.0,2.5,1.5,1.0,1.0,2.5,2.0,1.5,3.0,2.5,2.0,5.0,2.0,4.0,3.0,3.5,5.0,4.5,3.5,1.0,1.0,1.5,3.0,3.0,3.0,3.0,3.0,3.5,3.0,3.5,4.0,2.0,2.0,3.0,2.0,2.5,2.5,2.5,1.0,1.0,1.0,215.0,3.5,3.0,3.5,2.0,2.5,3.0,3.0,3.0,3.0,2.0,2.5,3.5,4.0,4.0,3.0,3.0,3.0,3.0,3.0,3.0,4.0,3.0,3.5,3.5,4.0,3.0,4.0,4.0,Low,Low,Low JIT & Environmental
ITA,1324,2,3.5,1.0,3.0,4.0,3.0,4.0,2.5,1.0,1.0,4.0,3.5,2.5,4.0,4.0,2.5,3.5,2.0,2.0,3.5,1.5,3.0,3.0,2.5,2.0,3.5,2.5,2.5,3.5,3.0,3.5,5.0,2.5,2.0,1.5,4.5,4.5,4.5,4.5,2.5,3.0,3.5,4.0,3.0,3.5,3.5,3.5,4.0,4.5,4.0,3.5,4.0,3.0,4.0,2.0,4.0,3.0,4.0,4.0,1.0,2.0,320.0,3.0,4.0,3.0,1.0,3.0,1.0,1.0,3.0,3.0,3.0,3.0,5.0,5.0,5.0,3.5,3.5,4.5,4.0,4.0,4.0,3.0,3.0,4.5,5.0,5.0,3.5,3.0,4.0,High,Low,Mainly JIT
ITA,1325,2,3.0,1.0,5.0,3.0,3.0,4.0,3.0,2.0,1.0,5.0,3.0,2.0,5.0,3.0,1.0,4.0,2.0,1.0,5.0,3.0,1.0,1.0,1.0,2.0,5.0,3.0,3.0,4.0,5.0,4.0,5.0,1.0,1.0,1.0,5.0,5.0,4.0,4.0,3.0,3.0,2.0,3.0,3.0,3.0,3.0,3.0,3.0,3.0,3.0,3.0,3.0,3.0,3.0,2.0,2.0,2.0,3.0,2.0,3.0,3.0,303.0,2.0,2.0,3.0,2.0,2.0,3.0,3.0,2.0,4.0,3.0,3.0,5.0,5.0,5.0,4.0,4.0,4.0,3.0,3.0,3.0,3.0,4.0,3.0,4.0,4.0,5.0,5.0,5.0,Low,Low,Low JIT & Environmental
ITA,1327,3,4.0,2.5,4.5,4.5,3.0,4.5,1.5,2.5,1.5,4.5,4.0,3.5,4.5,4.5,1.0,3.5,1.5,1.5,4.5,2.0,2.5,2.5,4.0,4.0,4.0,3.5,3.5,4.0,3.0,4.0,5.0,4.5,2.5,2.5,5.0,5.0,5.0,5.0,2.5,3.5,3.5,4.0,3.0,4.0,4.5,4.5,4.0,3.5,4.0,4.0,4.5,4.0,4.0,4.0,2.0,4.5,3.0,1.0,1.0,1.0,351.0,4.5,4.0,5.0,4.0,3.0,4.0,4.0,5.0,4.5,3.5,4.0,5.0,5.0,4.5,4.0,4.0,3.0,3.0,3.0,3.5,4.0,3.5,4.0,4.0,4.0,4.5,4.0,4.5,High,High,High JIT & Environmental
ITA,1328,3,5.0,1.0,4.5,4.0,4.0,5.0,1.0,3.5,1.0,3.5,4.0,3.0,3.5,3.5,1.0,3.5,2.0,1.0,4.0,2.5,1.0,1.5,2.5,1.5,4.0,3.5,2.5,3.0,4.0,4.0,5.0,3.0,2.0,1.0,4.0,5.0,4.5,4.0,2.0,3.0,3.0,3.0,3.0,3.0,3.0,3.0,3.0,3.0,3.0,3.0,4.0,4.0,4.0,4.0,4.0,3.0,4.0,3.0,3.5,3.0,135.0,3.0,4.0,3.5,3.5,3.5,3.5,4.0,3.5,4.0,4.0,3.0,4.5,4.5,3.5,3.5,3.5,3.0,3.0,3.0,3.0,3.0,3.0,3.5,3.5,3.5,4.0,4.0,4.0,High,High,High JIT & Environmental
ITA,1329,2,3.0,3.0,4.0,4.0,3.0,3.0,2.0,3.0,2.0,4.0,3.0,3.0,3.0,4.0,3.0,4.0,3.0,3.0,3.0,2.0,3.0,3.0,3.0,4.0,3.0,4.0,3.0,3.0,3.0,3.0,2.0,2.0,3.0,3.0,3.0,3.0,4.0,3.0,3.0,3.0,3.0,3.0,3.0,4.0,3.0,4.0,3.0,3.0,3.0,3.0,4.0,4.0,4.0,4.0,3.0,2.0,3.0,4.0,2.0,2.0,131.0,4.0,4.0,3.0,1.0,1.0,5.0,5.0,4.0,4.0,4.0,3.0,5.0,4.0,4.0,3.0,4.0,3.0,3.0,3.0,3.0,4.0,3.0,5.0,4.0,4.0,5.0,3.0,4.0,High,Low,Mainly JIT
JPN,801,1,4.0,1.0,2.0,4.0,4.0,5.0,4.0,4.0,4.0,4.0,3.5,4.0,4.0,5.0,4.0,4.0,2.0,4.0,4.0,3.0,3.0,2.0,3.0,2.0,2.0,4.0,3.0,4.0,4.0,4.0,5.0,4.0,1.0,1.0,5.0,5.0,5.0,4.0,4.0,3.0,3.0,3.0,3.0,3.0,3.0,4.0,4.0,3.0,4.0,3.0,4.5,4.0,3.5,3.5,3.0,2.5,2.0,1.0,2.0,1.5,700.0,3.0,3.5,3.0,3.0,2.5,3.0,3.0,4.0,4.0,2.5,3.0,5.0,4.0,4.0,4.0,4.0,3.0,3.0,3.0,4.0,3.0,4.0,4.0,3.0,3.0,3.0,4.0,4.0,Low,High,Mainly Environmental
JPN,802,2,3.0,1.5,1.5,2.5,2.0,4.0,1.5,4.5,1.0,4.0,4.5,1.5,4.0,4.5,1.0,3.5,1.0,1.0,4.5,2.0,2.0,3.0,4.0,1.5,1.0,4.0,4.0,3.5,4.0,4.5,4.5,1.0,1.0,1.0,4.5,4.5,4.5,3.0,4.5,3.5,3.5,2.5,3.0,2.0,3.0,4.0,4.0,2.5,3.0,3.0,4.0,4.0,2.0,1.0,3.5,4.5,3.0,3.0,4.0,4.0,547.0,2.5,4.5,4.0,3.5,3.0,4.0,4.0,4.0,4.0,1.0,3.5,3.5,4.5,3.5,3.0,3.0,3.0,3.0,3.0,3.5,3.5,3.0,3.5,3.0,3.0,3.0,4.0,3.5,High,High,High JIT & Environmental
JPN,804,1,3.5,1.5,4.0,4.5,4.5,4.0,4.0,4.5,2.0,4.0,4.0,4.0,4.0,4.0,3.5,3.5,3.0,3.5,4.0,4.0,3.0,3.5,3.5,3.0,2.0,4.0,4.0,3.0,4.5,3.0,5.0,3.0,3.0,2.0,4.5,4.5,3.5,4.0,3.0,3.5,3.5,3.5,3.0,3.0,3.0,3.5,3.5,4.0,3.5,4.0,4.0,3.5,3.0,3.5,3.5,4.0,3.5,3.0,2.5,3.0,267.0,4.0,4.0,4.0,3.5,3.5,4.0,4.0,2.5,5.0,3.0,4.0,5.0,5.0,4.5,3.5,3.5,3.5,3.5,3.5,3.5,4.0,3.0,4.5,4.0,4.0,3.5,4.0,3.5,High,High,High JIT & Environmental
JPN,805,3,4.0,2.5,3.5,4.0,5.0,5.0,4.5,4.5,2.0,4.5,4.5,4.5,4.5,5.0,3.5,5.0,1.0,4.0,4.5,4.5,4.5,3.5,4.0,2.0,4.5,4.5,4.5,4.0,4.5,4.5,5.0,3.0,4.0,3.5,5.0,4.5,4.5,4.0,4.5,4.5,4.5,5.0,5.0,5.0,4.0,5.0,5.0,5.0,5.0,5.0,4.5,4.0,4.0,4.5,3.0,3.5,3.0,3.5,4.0,4.5,1286.0,5.0,5.0,5.0,4.5,4.5,4.5,4.5,4.5,4.0,4.0,5.0,5.0,4.5,4.5,4.0,4.5,4.0,4.0,4.5,4.5,4.0,4.0,4.5,4.5,4.5,5.0,4.5,4.5,High,High,High JIT & Environmental
JPN,806,1,3.5,1.0,3.0,4.0,4.0,4.5,2.5,4.0,1.0,4.0,2.5,3.0,3.0,4.0,3.0,4.0,1.0,2.0,4.0,3.0,2.5,3.0,3.5,2.0,1.5,3.5,2.5,3.0,3.5,3.5,5.0,4.0,1.5,1.0,4.0,5.0,4.5,4.0,3.5,3.5,3.5,4.5,4.0,4.0,4.0,4.0,4.5,5.0,5.0,4.5,3.5,3.0,2.5,2.5,2.0,4.5,1.0,1.5,1.0,3.0,1345.0,4.0,4.5,2.0,1.5,2.0,4.0,4.5,2.0,4.5,3.5,2.5,5.0,4.5,4.5,3.0,3.0,3.0,4.0,3.5,3.5,3.5,3.0,4.0,3.0,4.5,4.0,4.5,4.0,Low,High,Mainly Environmental
JPN,807,3,4.0,1.0,4.0,4.0,5.0,4.0,4.0,4.0,3.0,4.0,3.0,4.0,4.0,4.0,3.0,3.5,3.0,3.0,4.0,4.0,4.0,4.0,4.0,4.0,4.0,4.0,4.0,4.0,4.0,4.0,5.0,1.0,2.5,1.0,5.0,5.0,5.0,4.0,4.0,4.0,4.0,4.0,4.0,4.0,4.0,4.5,4.0,5.0,5.0,5.0,4.5,4.5,4.0,3.5,4.5,4.0,2.5,3.0,3.5,5.0,4256.0,5.0,5.0,3.0,4.0,4.0,4.5,4.5,4.0,5.0,4.5,4.5,5.0,5.0,5.0,4.5,4.5,5.0,4.0,3.0,4.5,4.5,4.0,5.0,5.0,5.0,5.0,5.0,5.0,High,High,High JIT & Environmental
JPN,809,1,3.0,1.0,1.5,3.0,2.0,3.5,3.0,2.0,1.0,3.0,1.5,2.0,3.0,3.5,2.0,2.5,1.0,2.0,4.0,2.0,1.5,2.0,2.5,1.0,1.5,3.0,2.0,3.0,3.0,1.5,4.0,2.0,1.0,1.0,3.0,4.0,3.5,3.5,3.5,3.5,3.5,3.0,3.0,3.0,3.0,4.5,4.5,3.0,3.0,4.5,3.5,2.5,3.0,2.5,2.0,1.0,1.0,3.0,4.5,4.0,500.0,3.0,5.0,3.5,3.5,4.0,4.5,4.0,2.0,4.0,3.0,3.5,4.0,4.0,3.5,3.5,3.5,3.5,3.5,3.5,4.0,4.0,4.0,4.0,3.5,3.5,3.5,3.5,4.0,Low,Low,Low JIT & Environmental
JPN,810,3,4.0,1.0,4.0,4.0,4.5,4.5,3.5,4.0,1.0,4.5,4.5,4.0,5.0,5.0,2.0,4.0,1.0,2.0,4.0,4.0,3.5,4.0,4.0,1.0,4.5,4.0,4.0,4.0,4.5,4.5,5.0,3.0,1.0,1.0,5.0,5.0,5.0,4.5,5.0,5.0,5.0,3.5,3.5,3.0,3.0,4.0,4.0,4.0,3.5,4.5,5.0,4.5,3.5,4.5,4.5,4.0,3.5,2.0,3.5,4.5,4187.0,3.5,4.5,4.5,1.5,2.5,4.5,4.5,3.0,5.0,4.5,4.0,4.0,4.5,4.5,4.0,4.0,3.5,3.5,3.5,3.5,4.0,3.5,4.5,4.5,4.5,4.5,4.5,4.0,High,High,High JIT & Environmental
JPN,812,2,3.5,3.0,4.0,4.5,4.5,4.5,3.5,4.0,3.0,4.0,4.5,4.0,4.0,4.5,3.0,4.5,4.0,3.0,4.0,3.5,3.5,4.0,4.0,4.0,5.0,4.5,4.0,4.0,4.0,4.5,5.0,4.0,4.0,4.0,4.5,5.0,5.0,4.5,4.5,4.5,4.5,4.0,4.0,4.0,3.5,4.0,4.0,4.0,4.0,5.0,4.5,4.0,4.0,4.0,2.5,4.0,3.0,1.0,1.0,1.0,1604.0,3.0,4.0,4.0,2.0,2.0,5.0,4.0,4.0,4.5,4.0,4.5,4.5,4.5,5.0,4.5,4.5,5.0,5.0,5.0,5.0,4.5,4.5,5.0,5.0,5.0,5.0,5.0,4.5,High,High,High JIT & Environmental
JPN,813,3,5.0,1.0,4.0,4.0,4.0,4.0,4.5,4.0,1.0,4.0,3.0,4.0,4.0,4.0,1.0,3.0,1.0,1.0,5.0,3.0,3.0,4.0,3.0,2.0,3.0,4.0,3.0,4.0,5.0,4.5,5.0,4.0,2.0,1.0,4.5,5.0,3.5,3.5,3.5,4.0,4.0,3.5,3.0,3.0,3.0,3.0,3.0,4.0,4.0,3.0,3.5,4.0,4.0,4.0,5.0,5.0,4.5,2.5,4.5,4.0,1158.0,4.5,4.5,3.5,3.5,3.0,5.0,5.0,4.0,4.5,4.0,4.0,4.5,4.0,4.0,2.0,2.0,3.0,3.0,3.0,3.0,3.0,2.0,4.0,3.0,3.5,3.5,3.0,3.0,High,High,High JIT & Environmental
JPN,816,3,4.0,3.0,3.5,4.0,3.5,4.0,4.5,4.5,4.0,5.0,4.0,4.0,5.0,5.0,3.5,4.0,3.0,5.0,5.0,4.0,4.0,4.0,3.5,4.5,4.0,4.5,4.0,3.5,4.0,4.0,5.0,2.5,1.0,1.0,4.0,5.0,4.5,4.0,4.0,4.0,4.0,4.5,4.0,4.0,4.5,4.0,5.0,5.0,4.5,5.0,5.0,4.5,4.5,5.0,5.0,4.5,4.5,4.5,4.5,5.0,15733.0,5.0,4.5,4.0,4.5,4.5,4.5,4.5,3.0,5.0,3.0,5.0,4.5,4.5,5.0,3.5,3.5,4.0,3.5,3.5,4.0,4.0,3.5,4.5,4.5,4.5,4.5,4.5,4.5,High,High,High JIT & Environmental
JPN,817,2,3.5,1.0,3.0,3.0,3.5,4.0,3.0,3.0,1.0,3.0,3.5,4.0,4.0,4.0,3.5,3.5,2.5,2.5,4.0,3.0,3.0,3.5,3.5,2.0,2.5,3.5,4.0,3.0,4.0,4.0,5.0,4.5,2.5,1.0,5.0,5.0,5.0,4.5,4.5,4.5,4.5,4.0,3.0,3.0,3.0,3.0,3.0,3.5,4.0,4.5,2.0,1.5,1.5,1.5,3.0,4.5,2.0,2.5,2.0,2.0,1383.0,3.0,4.0,2.5,2.0,1.0,4.0,4.0,2.0,2.5,1.5,1.5,4.5,4.5,4.0,4.0,3.5,4.0,4.0,3.5,4.0,3.5,4.0,4.0,5.0,4.5,4.0,4.0,4.0,Low,High,Mainly Environmental
JPN,819,2,3.0,1.5,2.5,2.5,2.0,3.5,2.5,3.0,1.5,4.0,2.0,2.5,2.0,4.0,2.0,2.0,1.0,2.5,3.5,2.5,2.5,2.0,2.0,1.0,1.0,2.5,3.0,2.0,3.0,2.5,1.0,1.5,1.0,1.5,2.5,1.0,2.5,3.0,3.0,2.0,2.0,2.5,2.5,4.0,3.0,3.5,3.0,3.5,3.5,3.5,3.5,2.0,2.5,2.5,2.0,4.0,3.0,1.0,1.5,2.5,236.0,3.0,5.0,4.0,3.5,3.5,3.0,3.5,2.5,3.5,3.0,2.5,4.0,3.5,4.0,4.0,4.0,4.0,3.5,3.0,3.5,3.5,3.0,4.0,3.5,4.0,4.0,4.0,4.0,Low,Low,Low JIT & Environmental
JPN,820,1,4.5,4.0,4.0,4.0,4.5,4.5,4.0,4.0,4.0,4.0,4.5,4.5,4.0,4.5,4.0,4.5,4.0,4.0,4.0,4.5,3.5,4.0,3.5,3.5,2.0,4.0,4.0,4.0,4.0,4.5,5.0,4.5,4.0,4.0,4.5,5.0,5.0,4.5,4.0,4.5,4.0,4.5,4.0,4.5,4.0,4.5,4.5,4.5,4.5,4.5,5.0,4.5,4.5,3.0,3.0,3.0,4.0,1.5,2.0,2.0,2137.0,2.5,5.0,3.0,1.5,1.5,4.0,4.0,3.5,5.0,4.0,4.0,5.0,5.0,5.0,5.0,5.0,5.0,5.0,5.0,5.0,5.0,5.0,5.0,5.0,5.0,5.0,5.0,5.0,Low,High,Mainly Environmental
JPN,821,1,4.5,1.0,3.5,5.0,4.5,5.0,4.0,3.5,2.0,4.5,4.0,4.5,4.5,4.5,3.5,4.0,2.0,3.0,4.5,3.5,3.0,4.0,4.0,3.0,3.5,4.0,4.0,4.0,4.5,4.5,4.5,1.0,1.0,1.0,4.5,5.0,4.5,4.5,4.5,4.5,4.5,4.5,4.5,4.5,4.0,4.0,4.0,4.0,4.5,4.0,4.5,4.0,4.0,4.5,4.0,5.0,3.5,2.5,4.0,4.0,825.0,4.5,4.5,3.5,2.5,2.5,4.5,4.0,2.5,4.5,4.0,4.0,4.5,4.5,4.5,4.0,4.0,4.0,4.5,4.0,4.5,4.0,3.5,4.5,4.0,4.5,4.0,4.5,4.5,High,High,High JIT & Environmental
JPN,822,3,4.0,1.0,3.5,3.0,5.0,5.0,5.0,5.0,1.0,4.0,3.0,4.0,4.0,4.0,2.5,4.0,2.0,3.0,4.0,3.0,4.0,4.0,4.0,1.0,4.0,4.0,4.0,4.0,5.0,5.0,5.0,4.0,3.0,3.0,5.0,5.0,5.0,4.0,4.0,4.0,4.0,5.0,4.0,5.0,4.0,5.0,5.0,5.0,5.0,5.0,5.0,5.0,4.0,4.5,4.0,4.0,4.0,5.0,1.0,1.5,10245.0,4.0,4.0,4.0,4.0,3.0,5.0,5.0,1.0,5.0,5.0,5.0,4.0,5.0,5.0,4.0,4.0,3.5,3.5,4.0,3.5,4.0,3.0,5.0,5.0,5.0,5.0,5.0,4.0,High,High,High JIT & Environmental
CHN,301,2,4.0,1.0,5.0,3.0,4.0,3.0,4.0,4.0,4.0,4.0,4.0,5.0,5.0,5.0,4.0,5.0,5.0,5.0,5.0,4.0,4.0,5.0,5.0,5.0,5.0,4.0,4.0,4.0,5.0,5.0,4.0,4.0,5.0,5.0,5.0,3.0,3.0,4.0,4.0,5.0,4.0,5.0,4.0,4.0,4.0,4.0,4.0,5.0,5.0,5.0,4.0,5.0,5.0,4.0,5.0,5.0,5.0,2.0,2.0,2.0,2200.0,4.0,3.0,2.0,2.0,2.0,4.0,4.0,3.0,3.0,2.0,5.0,4.0,5.0,5.0,5.0,5.0,5.0,4.0,4.0,5.0,5.0,5.0,3.0,3.0,3.0,4.0,5.0,5.0,High,High,High JIT & Environmental
CHN,306,2,4.0,3.0,4.0,3.0,3.0,4.0,3.0,4.0,5.0,3.0,4.0,4.0,3.0,3.0,5.0,4.0,3.0,3.0,4.0,3.0,3.0,4.0,3.0,4.0,3.0,4.0,3.0,4.0,4.0,3.0,3.0,4.0,5.0,5.0,4.0,5.0,5.0,3.0,4.0,4.0,3.0,3.0,2.0,2.0,3.0,2.0,3.0,3.0,4.0,3.0,3.0,3.0,3.0,3.0,2.0,3.0,2.0,3.0,3.0,3.0,350.0,3.0,3.0,5.0,4.0,3.0,3.0,3.0,3.0,3.0,3.0,2.0,2.0,4.0,4.0,2.0,4.0,5.0,3.0,3.0,4.0,3.0,2.0,5.0,5.0,5.0,5.0,5.0,5.0,Low,High,Mainly Environmental
CHN,307,1,4.0,4.0,4.0,4.0,4.0,4.0,4.0,3.0,4.0,5.0,5.0,4.0,4.0,5.0,4.0,3.0,4.0,4.0,4.0,4.0,4.0,4.0,4.0,3.0,4.0,4.0,4.0,3.0,4.0,4.0,4.0,3.0,4.0,1.0,2.0,4.0,4.0,3.0,4.0,3.0,3.0,3.0,3.0,3.0,3.0,3.0,3.0,3.0,3.0,3.0,4.0,4.0,5.0,3.0,4.0,4.0,5.0,5.0,4.0,3.0,110.0,3.0,4.0,5.0,4.0,4.0,5.0,4.0,3.0,4.0,5.0,3.0,3.0,4.0,3.0,4.0,4.0,4.0,4.0,4.0,4.0,4.0,4.0,3.0,3.0,3.0,3.0,3.0,3.0,High,High,High JIT & Environmental
CHN,309,2,4.0,2.0,5.0,4.0,5.0,5.0,4.0,4.0,1.0,5.0,3.0,4.0,4.0,4.0,4.0,4.0,1.0,3.0,4.0,4.0,3.0,3.0,4.0,1.0,3.0,3.0,3.0,3.0,5.0,4.0,5.0,3.0,1.0,1.0,4.0,5.0,5.0,5.0,4.0,3.0,3.0,5.0,3.0,3.0,4.0,5.0,4.0,3.0,4.0,5.0,5.0,5.0,5.0,4.0,5.0,5.0,4.0,1.0,3.0,3.0,280.0,5.0,4.0,5.0,5.0,3.0,3.0,4.0,1.0,3.0,3.0,4.0,5.0,5.0,5.0,4.0,4.0,4.0,4.0,3.0,4.0,5.0,4.0,5.0,4.0,4.0,5.0,4.0,5.0,High,High,High JIT & Environmental
CHN,312,1,3.0,1.0,4.0,3.0,2.5,2.5,2.5,4.0,1.5,3.0,2.0,2.0,3.5,3.0,2.5,2.0,2.0,2.0,3.0,2.5,2.0,2.0,3.0,1.0,2.0,3.5,3.0,2.0,4.5,3.5,2.0,1.0,2.5,2.0,3.0,1.0,1.5,2.0,2.5,2.5,3.0,2.5,2.5,4.0,4.0,3.5,3.0,3.5,3.0,4.0,4.0,4.0,2.0,3.5,5.0,4.0,4.0,1.0,3.0,2.5,187.0,5.0,4.0,4.0,4.0,3.0,3.0,3.0,3.0,4.0,3.5,3.5,4.0,4.0,3.0,2.0,2.0,3.5,3.0,2.0,3.0,4.0,2.0,3.5,4.0,4.5,4.0,4.0,4.0,High,Low,Mainly JIT
CHN,313,1,4.0,3.0,4.0,4.0,4.0,4.0,3.5,4.0,4.0,3.5,4.0,4.0,3.5,4.0,4.0,4.0,2.5,3.5,3.5,4.0,3.0,4.0,4.0,3.5,4.0,4.0,4.0,3.5,4.0,3.5,3.5,3.5,4.0,4.0,4.0,5.0,4.0,4.0,3.5,4.0,4.0,4.0,3.5,3.5,3.5,4.0,4.0,4.0,3.5,2.5,3.5,3.5,4.0,3.5,3.0,4.0,2.5,3.5,4.0,2.5,135.0,4.0,3.0,3.0,3.5,3.0,3.0,3.0,2.5,4.0,4.0,4.0,5.0,4.0,4.0,2.0,4.0,4.0,3.0,4.0,3.0,3.0,3.0,5.0,5.0,5.0,5.0,5.0,5.0,High,High,High JIT & Environmental
CHN,315,2,3.5,2.0,4.0,3.5,3.5,3.5,3.0,4.5,4.0,3.5,4.0,3.5,3.5,5.0,5.0,3.5,3.0,3.0,4.0,3.5,3.0,3.0,3.5,2.5,3.0,5.0,5.0,4.5,4.0,4.0,3.0,1.5,2.0,2.5,3.0,3.0,3.0,4.0,4.0,4.0,3.5,3.5,4.0,3.5,4.0,3.5,3.5,4.0,4.5,3.0,4.0,4.0,4.0,4.0,4.5,4.0,5.0,2.5,2.0,3.0,1017.0,5.0,4.0,3.5,3.5,4.0,4.0,4.0,1.5,3.5,3.5,4.0,4.0,4.0,4.0,3.5,3.5,3.5,3.0,3.5,4.5,4.0,2.0,4.0,4.0,4.0,4.0,4.0,5.0,High,High,High JIT & Environmental
CHN,318,1,5.0,1.0,4.0,4.0,2.0,4.0,4.0,5.0,1.5,4.5,2.0,2.0,4.0,4.0,3.5,3.0,1.5,1.0,4.0,2.5,2.0,2.0,4.0,1.0,1.0,2.5,4.0,3.0,5.0,5.0,2.0,1.0,1.0,1.0,4.0,1.0,1.0,4.0,4.0,4.0,4.0,2.0,3.0,3.0,3.0,3.0,3.0,4.0,4.0,5.0,5.0,4.0,4.0,4.0,3.5,2.0,5.0,1.5,2.5,3.0,50.0,4.0,4.0,4.0,2.0,2.0,5.0,5.0,1.5,4.0,4.0,4.0,3.5,3.0,3.0,2.0,2.5,3.0,2.0,2.0,2.0,3.5,2.5,4.0,4.0,4.0,4.0,4.0,3.5,High,Low,Mainly JIT
CHN,319,2,2.5,1.5,3.5,3.0,2.0,3.0,3.0,4.5,2.0,4.0,2.5,4.0,3.5,4.0,4.5,4.0,2.5,3.5,4.0,4.0,4.0,4.0,4.0,2.0,4.0,4.0,4.0,2.5,4.5,4.5,5.0,4.5,5.0,4.5,4.5,5.0,4.5,4.0,3.5,3.5,4.0,3.5,4.0,4.0,4.0,4.0,4.0,4.0,4.5,4.0,4.0,2.0,3.0,3.0,3.0,4.5,3.5,2.0,2.0,2.5,240.0,3.5,3.0,3.0,3.0,2.5,3.5,3.0,3.0,2.5,3.0,5.0,4.5,5.0,5.0,4.0,4.0,4.5,3.5,4.5,4.5,4.5,4.5,4.0,4.0,4.0,4.0,4.5,4.5,Low,High,Mainly Environmental
CHN,320,2,5.0,5.0,5.0,4.0,4.0,3.0,5.0,5.0,3.0,4.0,2.0,4.0,4.0,3.0,4.0,5.0,3.0,5.0,4.0,3.0,1.0,2.0,4.0,1.0,4.0,4.0,4.0,3.0,4.0,5.0,5.0,3.0,5.0,3.0,4.0,5.0,5.0,4.0,4.0,3.0,5.0,3.0,2.0,2.0,2.0,3.0,3.0,3.0,3.0,3.0,3.0,3.0,3.0,3.0,4.0,3.0,4.0,1.0,3.0,3.0,258.0,3.0,3.0,4.0,3.0,3.0,2.0,3.0,2.0,4.0,4.0,3.0,4.0,5.0,4.0,4.0,3.0,3.0,3.0,4.0,3.0,4.0,4.0,3.0,4.0,4.0,4.0,4.0,4.0,Low,High,Mainly Environmental
CHN,323,2,2.0,2.0,5.0,4.0,3.0,5.0,5.0,5.0,3.5,5.0,4.0,4.5,5.0,5.0,2.0,4.0,3.0,4.0,5.0,4.0,2.5,4.0,4.0,2.0,4.0,2.0,2.0,4.0,5.0,5.0,5.0,3.0,5.0,4.0,5.0,5.0,5.0,5.0,5.0,2.0,3.0,4.0,4.0,4.0,4.0,4.0,4.0,5.0,5.0,4.0,4.0,4.0,3.5,4.0,4.0,4.0,2.0,2.0,1.5,2.0,4344.0,4.0,4.0,5.0,5.0,3.5,4.0,4.0,3.0,4.0,4.0,4.0,5.0,5.0,5.0,4.0,4.0,4.0,4.0,4.0,4.0,4.0,4.0,4.0,4.0,4.5,4.0,5.0,5.0,High,High,High JIT & Environmental
CHN,324,2,5.0,5.0,4.0,5.0,5.0,5.0,5.0,5.0,5.0,4.0,5.0,5.0,5.0,4.0,5.0,5.0,5.0,5.0,4.0,5.0,5.0,5.0,5.0,5.0,4.0,5.0,5.0,5.0,5.0,5.0,5.0,5.0,5.0,5.0,5.0,5.0,5.0,5.0,4.0,4.0,5.0,5.0,5.0,5.0,4.0,3.0,3.0,4.0,5.0,5.0,5.0,5.0,5.0,5.0,5.0,3.0,5.0,1.0,5.0,5.0,530.0,5.0,5.0,5.0,5.0,5.0,5.0,5.0,1.0,5.0,5.0,5.0,5.0,5.0,5.0,5.0,5.0,5.0,5.0,5.0,5.0,5.0,5.0,5.0,5.0,5.0,5.0,5.0,5.0,High,High,High JIT & Environmental
CHN,325,2,4.0,4.0,5.0,5.0,5.0,5.0,4.0,5.0,3.0,5.0,5.0,4.0,5.0,5.0,5.0,5.0,3.0,5.0,4.0,5.0,4.0,5.0,5.0,1.0,4.5,5.0,5.0,5.0,5.0,5.0,5.0,4.0,4.0,2.5,5.0,5.0,5.0,5.0,4.5,4.5,4.5,5.0,4.5,4.0,4.0,4.5,3.5,3.0,5.0,1.0,4.0,3.5,2.5,3.5,4.0,4.0,4.0,2.0,4.0,3.5,1936.0,5.0,4.0,3.0,5.0,3.5,3.5,3.5,5.0,4.0,4.5,3.5,5.0,5.0,5.0,4.5,4.0,4.5,4.5,4.5,5.0,5.0,4.5,5.0,4.5,5.0,5.0,4.5,5.0,High,High,High JIT & Environmental
CHN,327,2,4.0,4.0,4.5,5.0,5.0,5.0,5.0,5.0,2.0,5.0,5.0,4.5,5.0,4.5,4.5,4.5,2.5,3.0,5.0,5.0,3.0,3.0,4.0,2.0,3.5,4.5,4.5,4.5,4.5,4.5,2.5,2.5,2.0,2.5,4.5,2.5,2.5,4.5,4.5,4.0,4.5,4.0,3.0,3.5,3.5,3.5,3.5,3.5,3.5,4.0,5.0,5.0,5.0,5.0,5.0,4.5,4.0,2.0,3.5,3.5,416.0,5.0,5.0,5.0,5.0,4.5,5.0,5.0,1.0,5.0,5.0,5.0,4.5,4.5,4.5,2.0,2.5,3.5,3.0,3.5,3.5,4.0,2.5,4.0,4.0,4.0,4.5,3.0,4.0,High,High,High JIT & Environmental
CHN,328,2,3.0,2.5,4.5,4.0,3.0,4.0,4.5,4.5,3.0,4.0,2.5,3.5,4.0,4.0,4.0,3.5,2.5,3.5,4.5,4.0,2.5,3.0,4.0,2.0,4.0,3.5,3.5,4.0,5.0,4.5,3.5,2.5,4.0,3.5,4.0,3.5,3.5,3.5,3.0,3.5,4.0,4.0,4.5,4.0,4.0,4.0,4.0,4.5,4.5,4.0,4.5,4.0,4.0,5.0,5.0,3.5,4.0,2.0,2.5,3.5,224.0,4.5,4.0,4.5,4.0,3.0,4.0,4.0,2.5,5.0,3.5,5.0,4.0,5.0,5.0,3.5,3.5,4.0,3.5,3.5,3.5,3.5,3.0,4.5,4.5,4.5,4.5,4.5,4.5,High,High,High JIT & Environmental
CHN,329,2,4.0,4.0,5.0,5.0,4.0,5.0,5.0,5.0,4.0,5.0,5.0,5.0,5.0,5.0,5.0,4.0,4.0,4.0,5.0,5.0,5.0,4.0,4.0,3.0,4.0,4.0,4.0,5.0,5.0,4.0,5.0,3.0,5.0,5.0,5.0,5.0,5.0,5.0,5.0,5.0,4.0,5.0,5.0,4.0,4.0,4.0,4.0,4.0,4.0,5.0,5.0,5.0,5.0,4.0,5.0,1.0,1.0,2.0,5.0,5.0,449.0,5.0,5.0,3.0,3.0,4.0,4.0,4.0,1.0,2.0,3.0,5.0,5.0,5.0,5.0,5.0,5.0,5.0,5.0,5.0,5.0,5.0,4.0,5.0,4.0,5.0,5.0,5.0,5.0,High,High,High JIT & Environmental
CHN,330,2,4.0,3.0,4.0,4.0,3.0,4.0,4.0,4.0,3.0,5.0,4.0,4.0,4.0,4.0,3.0,3.0,3.0,3.0,3.0,3.0,3.0,3.0,3.0,3.0,3.0,4.0,4.0,4.0,4.0,4.0,2.0,3.0,4.0,4.0,4.0,2.0,2.0,4.0,4.0,4.0,4.0,3.0,3.0,3.0,3.0,3.0,3.0,3.0,3.0,3.0,5.0,5.0,5.0,5.0,4.0,3.0,5.0,2.0,5.0,4.0,1200.0,5.0,5.0,4.0,5.0,5.0,5.0,5.0,2.0,5.0,4.0,5.0,4.0,4.0,4.0,4.0,4.0,4.0,4.0,4.0,4.0,4.0,4.0,4.0,4.0,4.0,4.0,4.0,4.0,High,High,High JIT & Environmental
KOR,901,3,3.0,2.5,3.5,4.0,4.0,4.0,3.5,4.0,3.0,4.5,3.0,3.0,3.5,4.0,2.5,3.0,3.0,3.0,4.0,3.0,4.0,4.0,4.0,3.0,3.0,3.0,3.0,3.0,4.0,3.0,5.0,2.0,3.0,3.0,4.5,5.0,4.0,4.0,4.5,4.0,4.5,5.0,4.0,4.0,5.0,4.0,5.0,5.0,5.0,5.0,5.0,5.0,5.0,4.0,4.5,4.5,3.5,4.0,4.0,4.0,1116.0,5.0,5.0,5.0,5.0,4.0,5.0,5.0,2.0,5.0,4.5,4.0,4.0,4.0,5.0,3.5,3.5,3.5,3.5,4.0,3.5,4.0,3.0,4.0,5.0,5.0,5.0,5.0,5.0,High,High,High JIT & Environmental
KOR,902,3,3.0,3.0,4.0,2.0,3.0,4.0,4.0,5.0,1.0,4.0,3.0,3.0,2.0,4.0,3.0,3.0,1.0,2.0,5.0,3.0,2.0,2.0,3.0,2.0,2.0,3.0,3.0,4.0,4.0,3.0,5.0,4.0,3.0,3.0,3.0,5.0,5.0,3.0,3.0,4.0,3.0,4.0,3.0,4.0,4.0,3.0,4.0,4.0,4.0,4.0,4.0,3.0,4.0,2.0,4.0,4.0,5.0,1.0,1.0,1.0,320.0,3.0,4.0,4.0,5.0,1.0,4.0,4.0,3.0,4.0,4.0,4.0,4.0,4.0,4.0,3.0,2.0,3.0,3.0,3.0,3.0,4.0,3.0,4.0,3.0,4.0,4.0,4.0,3.0,High,Low,Mainly JIT
KOR,903,3,3.0,3.0,5.0,3.0,3.0,4.0,3.0,4.0,2.0,4.0,4.0,3.0,4.0,4.0,3.0,3.0,2.0,4.0,4.0,3.0,3.0,3.0,3.0,4.0,4.0,3.0,3.0,3.0,4.0,4.0,5.0,4.0,4.0,5.0,5.0,5.0,4.0,3.0,3.0,3.0,3.0,4.0,4.0,4.0,4.0,4.0,4.0,4.0,4.0,5.0,4.0,4.0,3.5,3.5,4.0,4.0,2.0,3.0,3.0,3.0,199.0,4.0,4.0,4.0,3.0,3.0,4.0,4.0,2.0,4.5,3.5,3.5,4.0,4.0,4.0,4.0,4.0,4.0,4.0,4.0,4.0,4.0,3.0,4.0,4.0,5.0,4.0,3.0,4.0,High,Low,Mainly JIT
KOR,904,3,4.0,2.0,4.0,4.0,4.0,4.0,4.0,4.0,2.0,4.0,2.0,4.0,4.0,5.0,3.0,4.0,2.0,3.0,4.0,3.0,3.0,3.0,3.0,3.0,4.0,3.0,3.0,3.0,4.0,5.0,5.0,3.0,3.0,3.0,5.0,5.0,5.0,5.0,4.0,4.0,3.0,4.0,4.0,4.0,3.0,4.0,4.0,4.0,3.0,4.0,4.0,4.0,3.0,4.0,3.0,4.0,3.0,2.0,2.0,2.0,790.0,3.0,3.0,4.0,2.0,3.0,3.0,2.0,4.0,5.0,4.0,2.0,4.0,5.0,5.0,3.0,3.0,3.0,3.0,3.0,3.0,4.0,3.0,4.0,3.0,4.0,3.0,4.0,4.0,Low,High,Mainly Environmental
KOR,905,3,2.5,2.0,3.0,3.0,2.5,3.5,3.0,3.5,2.5,4.0,3.0,2.0,3.0,3.5,2.5,3.0,2.0,2.5,4.0,3.0,2.5,2.5,3.0,1.5,2.5,3.0,3.0,3.0,3.5,3.5,5.0,3.0,2.0,2.5,3.5,4.5,4.0,3.5,3.0,3.0,3.0,3.5,3.0,3.5,3.0,3.0,3.5,4.0,4.0,4.0,5.0,3.0,4.0,4.0,4.0,4.5,3.5,2.0,4.0,3.0,399.0,4.0,4.0,3.0,3.0,4.0,4.0,4.0,2.0,3.0,3.0,3.0,4.0,4.0,4.0,3.0,3.0,3.0,3.0,3.0,3.0,3.5,3.0,3.0,4.0,4.0,3.5,4.0,3.0,High,Low,Mainly JIT
KOR,906,2,3.0,1.5,3.5,3.5,2.5,3.0,2.5,3.0,2.5,3.0,3.0,3.0,3.0,3.5,2.0,2.5,2.0,2.5,4.0,2.5,2.5,2.5,3.0,1.0,1.5,2.0,2.0,3.0,3.5,3.5,4.5,1.5,1.5,3.0,4.0,4.5,4.5,2.5,3.0,3.5,3.5,3.5,3.5,4.0,4.0,4.0,4.0,4.0,4.0,4.0,3.0,3.3333333333333335,3.0,2.6666666666666665,4.0,2.0,3.0,1.0,3.5,2.0,158.0,4.0,3.5,5.0,4.5,4.0,3.0,3.0,3.0,4.0,2.3333333333333335,3.6666666666666665,4.0,4.0,4.0,4.0,3.5,3.5,3.5,3.5,3.5,3.5,4.0,3.5,4.0,4.0,4.0,4.0,3.5,Low,Low,Low JIT & Environmental
KOR,907,2,3.0,2.5,3.0,3.0,3.0,4.0,3.0,4.0,4.0,3.0,3.0,3.0,3.0,3.0,2.0,1.5,3.0,3.0,3.0,3.0,3.0,3.0,3.0,3.0,3.0,3.5,3.5,3.5,3.5,4.0,4.0,3.0,3.0,2.5,4.0,3.5,3.0,3.0,3.0,3.0,3.0,4.0,4.0,4.5,4.0,4.0,4.0,4.0,4.0,4.0,4.0,3.5,3.0,2.5,3.0,4.5,3.5,2.0,2.0,3.0,1244.0,2.5,3.0,4.0,3.5,2.5,3.5,4.0,2.5,4.0,3.5,3.0,4.0,4.0,4.0,3.5,3.5,4.0,4.0,4.0,4.0,4.0,4.0,4.0,4.0,4.0,4.0,4.0,4.0,Low,Low,Low JIT & Environmental
KOR,908,2,4.0,3.0,3.0,3.5,3.0,4.0,3.5,3.5,3.0,4.0,3.0,2.0,3.0,3.5,2.0,2.0,2.0,3.0,3.5,3.0,2.5,2.5,3.0,4.0,3.0,4.0,4.0,2.5,2.5,4.0,3.5,3.0,3.0,4.0,3.5,4.0,4.0,3.0,3.0,3.5,3.0,3.0,3.0,4.0,3.0,3.0,3.0,3.0,3.0,3.0,3.5,4.0,4.0,3.0,3.0,4.0,1.0,1.0,2.0,1.0,294.0,3.0,3.5,3.5,2.0,2.0,4.5,4.0,2.5,4.0,3.0,3.0,3.0,3.0,4.0,4.0,4.0,4.0,4.0,3.5,3.5,3.0,3.0,3.0,3.5,3.0,3.0,3.0,3.0,Low,Low,Low JIT & Environmental
KOR,909,1,3.0,2.0,3.0,2.5,2.5,2.5,3.0,3.0,2.0,2.5,2.0,2.5,2.5,3.0,2.0,2.5,2.0,2.0,3.5,2.5,2.0,2.0,2.0,2.0,2.5,2.0,2.0,2.0,3.0,2.5,4.0,2.5,3.5,3.0,3.5,4.0,3.0,3.0,3.0,3.0,3.0,2.5,2.5,2.5,2.5,2.5,3.0,3.0,3.5,3.0,4.0,4.0,5.0,4.0,3.0,3.0,3.0,3.0,2.0,2.0,314.0,1.0,2.0,4.0,4.0,2.0,4.0,4.0,3.0,4.0,4.0,2.0,3.0,3.0,3.0,3.0,3.0,3.0,3.0,2.5,2.5,2.5,2.5,2.5,2.5,2.5,2.5,2.5,2.5,Low,Low,Low JIT & Environmental
KOR,910,3,5.0,5.0,3.0,3.0,3.0,4.0,4.0,4.0,4.0,4.0,4.0,4.0,4.0,4.0,4.0,4.0,4.0,4.0,4.0,4.0,4.0,4.0,4.0,4.0,4.0,4.0,4.0,4.0,4.0,4.0,4.0,4.0,4.0,4.0,4.0,4.0,4.0,3.0,4.0,3.0,3.0,3.0,3.0,3.0,3.0,3.0,3.0,3.0,3.0,3.0,4.0,3.0,4.0,4.0,3.0,3.0,4.0,4.0,4.0,4.0,414.0,3.0,3.0,3.0,3.0,3.0,3.0,4.0,2.0,4.0,4.0,4.0,3.0,3.0,3.0,3.0,3.0,4.0,3.0,3.0,3.0,4.0,3.0,4.0,3.0,3.0,3.0,3.0,3.0,High,High,High JIT & Environmental
KOR,912,1,4.0,2.5,4.0,4.0,4.0,5.0,3.5,5.0,2.5,4.0,3.5,3.0,5.0,5.0,4.0,3.0,2.5,2.5,4.5,3.5,3.0,3.5,3.5,4.5,3.5,3.0,3.0,4.0,3.5,4.0,5.0,3.5,3.0,3.0,4.5,5.0,5.0,4.0,4.0,3.5,3.5,4.0,3.0,4.0,4.0,4.0,4.0,4.5,4.5,5.0,4.5,3.0,4.0,4.0,4.0,3.5,3.5,2.0,2.0,2.5,1848.0,2.5,2.5,4.0,4.0,2.5,4.0,4.0,2.5,4.0,4.0,3.5,4.0,4.5,4.5,4.0,3.5,3.0,3.0,3.0,2.5,3.0,3.5,4.0,4.5,4.5,4.5,4.0,3.5,High,High,High JIT & Environmental
KOR,913,1,4.5,2.0,4.5,4.0,4.0,4.5,3.0,5.0,2.5,5.0,3.0,4.0,4.5,5.0,4.0,4.5,2.5,4.0,4.5,2.5,3.0,3.0,2.0,1.0,2.0,3.5,3.5,3.5,3.5,4.5,4.5,3.0,3.0,1.5,3.5,5.0,5.0,3.5,4.0,4.5,4.0,3.0,3.0,3.5,3.5,4.0,4.0,3.5,4.0,4.5,4.0,3.5,4.0,3.5,4.5,4.0,4.0,2.5,2.5,2.0,290.0,3.0,3.5,3.0,4.0,3.5,3.0,3.5,3.5,5.0,3.0,3.5,4.0,5.0,4.5,3.0,3.0,3.0,3.0,3.5,3.5,3.0,3.0,3.5,3.5,4.0,4.0,4.5,4.0,High,High,High JIT & Environmental
KOR,914,3,3.0,3.0,3.0,3.0,4.0,4.0,4.0,4.0,2.0,3.0,2.0,3.0,3.0,4.0,3.0,3.5,2.0,2.0,4.5,4.0,3.0,3.0,3.0,3.0,2.0,3.0,3.0,4.0,4.0,4.0,4.0,4.0,4.0,4.0,4.5,5.0,5.0,3.5,3.0,3.0,3.0,4.0,3.0,3.0,3.0,4.5,4.5,4.5,4.0,4.0,4.0,3.0,4.0,4.5,4.0,4.0,4.0,4.5,4.0,4.0,714.0,4.5,4.5,4.0,4.5,4.5,4.5,4.5,1.5,4.5,3.5,4.0,4.0,4.0,4.0,3.0,3.0,3.0,3.0,4.0,3.0,4.0,3.0,4.5,4.0,4.0,4.5,4.0,4.0,High,Low,Mainly JIT
KOR,915,1,3.5,2.0,3.0,3.5,2.0,3.5,3.5,3.5,1.5,4.0,2.0,2.0,2.0,3.0,3.5,3.5,1.5,1.5,4.0,2.0,1.5,1.5,3.0,1.5,1.5,2.5,2.5,2.0,3.5,3.5,2.5,1.5,1.5,1.5,3.5,1.5,2.5,2.0,3.5,3.5,3.5,3.0,3.5,3.5,3.5,3.5,3.5,3.5,3.0,3.5,4.0,3.0,3.5,2.5,4.5,3.0,3.0,3.5,3.0,3.5,82.0,3.5,3.5,4.5,3.5,3.0,4.0,4.5,4.0,4.0,3.0,2.5,3.0,3.5,3.5,2.5,3.0,3.0,3.0,3.0,3.0,3.0,2.5,3.0,3.0,3.0,3.0,3.5,3.0,Low,Low,Low JIT & Environmental
KOR,916,2,4.0,1.0,5.0,4.0,5.0,4.0,4.0,5.0,3.0,5.0,3.0,3.0,5.0,5.0,3.0,4.0,3.0,1.0,5.0,3.0,3.0,3.0,4.0,3.0,5.0,5.0,4.0,4.0,5.0,5.0,5.0,3.0,3.0,2.0,5.0,5.0,5.0,5.0,5.0,4.0,4.0,4.0,4.0,4.0,4.0,4.0,4.0,4.0,4.0,4.0,5.0,4.0,4.0,4.0,4.0,5.0,4.0,1.0,4.0,4.0,1953.0,4.0,4.0,4.0,4.0,3.0,4.0,4.0,4.0,5.0,3.0,4.0,5.0,5.0,5.0,4.0,4.0,4.0,4.0,4.0,4.0,3.0,4.0,4.0,3.0,4.0,4.0,4.0,5.0,High,High,High JIT & Environmental
KOR,917,2,4.0,3.0,4.5,4.0,4.0,4.0,3.5,3.5,2.5,4.0,2.5,3.5,4.5,5.0,3.0,4.0,2.5,3.0,4.0,3.5,3.0,3.5,3.0,3.5,4.0,4.0,4.0,4.0,4.0,4.0,5.0,3.5,3.5,3.5,4.5,4.5,4.5,4.0,4.0,4.0,4.0,4.0,4.0,4.0,4.0,4.5,4.5,4.5,4.5,4.5,3.0,2.0,3.0,4.0,3.5,3.5,3.5,3.0,2.5,2.0,777.0,4.0,4.0,4.5,4.5,3.5,5.0,5.0,4.0,4.0,4.0,4.0,5.0,4.5,4.5,4.0,3.5,4.0,4.0,3.5,4.0,4.0,3.5,4.0,4.5,4.5,4.5,4.0,4.0,Low,High,Mainly Environmental
KOR,918,3,4.0,2.0,3.0,3.0,2.0,4.0,3.0,5.0,2.0,4.0,2.0,3.0,3.0,4.0,2.0,3.0,2.0,2.0,3.0,2.0,3.0,2.0,2.0,3.0,2.0,4.0,4.0,4.0,4.0,4.0,3.0,3.0,3.0,3.0,4.0,4.0,4.0,3.0,3.0,4.0,2.0,3.0,3.0,4.0,4.0,3.0,4.0,3.0,4.0,3.0,4.0,3.0,3.0,3.0,3.0,4.0,3.0,2.0,2.0,1.0,340.0,5.0,5.0,4.0,3.0,4.0,4.0,4.0,1.0,4.0,4.0,3.0,3.0,3.0,3.0,3.0,3.0,3.0,3.0,3.0,3.0,4.0,3.0,4.0,4.0,4.0,4.0,3.0,4.0,Low,Low,Low JIT & Environmental
KOR,921,3,4.0,2.5,3.5,4.0,4.0,4.0,3.5,4.5,3.0,4.0,3.5,4.0,4.0,4.0,3.0,4.0,2.5,3.5,5.0,4.0,3.0,3.5,2.5,3.0,3.0,3.0,3.0,4.0,3.5,4.5,5.0,4.0,3.0,3.5,4.0,5.0,4.0,4.0,4.0,4.0,4.0,4.0,3.5,3.5,3.5,4.0,4.0,4.0,4.0,4.0,3.0,3.0,2.5,2.5,3.5,4.0,3.0,3.5,3.0,2.0,926.0,4.0,3.5,4.5,4.0,2.5,3.5,4.0,2.0,2.5,1.5,2.5,4.0,4.0,4.0,3.5,3.5,3.0,3.0,3.5,3.5,4.0,3.5,4.0,3.5,3.5,3.5,3.5,4.5,Low,High,Mainly Environmental
KOR,922,3,3.5,2.0,4.0,3.5,5.0,4.5,3.5,4.5,2.5,4.5,3.5,4.0,4.5,5.0,3.5,3.5,3.0,2.5,5.0,3.5,3.0,4.5,3.0,4.0,3.5,4.0,4.0,4.0,4.0,4.5,5.0,4.0,3.5,3.5,4.5,5.0,5.0,4.5,4.5,4.5,3.5,3.5,3.5,3.5,3.5,4.0,4.5,4.0,4.0,4.5,4.5,4.0,5.0,4.0,4.0,4.5,4.5,2.0,2.0,1.5,322.0,4.0,4.0,4.0,4.5,4.5,4.5,4.5,3.5,4.0,3.0,3.0,4.5,5.0,4.5,3.5,3.5,3.0,3.0,3.5,3.0,4.5,3.5,4.5,4.5,5.0,4.0,4.0,4.0,High,High,High JIT & Environmental
KOR,923,1,4.0,4.5,5.0,4.0,4.5,5.0,4.5,4.5,3.0,4.5,3.5,4.0,4.0,3.5,3.0,4.0,3.0,3.5,4.5,3.0,3.5,3.0,2.5,2.5,2.5,3.5,3.5,3.5,4.0,4.0,4.5,3.0,3.5,3.5,4.0,4.5,4.5,3.0,3.0,3.0,3.0,3.5,3.5,3.0,3.0,3.5,3.5,4.0,5.0,3.5,4.0,4.0,4.0,3.0,4.0,3.5,2.0,4.0,2.0,2.0,200.0,3.5,4.0,3.5,3.0,2.5,4.0,3.5,2.5,3.5,3.5,2.5,3.5,4.5,4.5,3.5,3.5,3.0,3.0,4.0,3.5,4.5,3.5,3.5,4.0,4.0,4.5,3.5,3.0,High,High,High JIT & Environmental
KOR,924,1,4.0,2.5,4.0,5.0,4.0,4.0,3.5,4.0,4.0,4.0,4.0,4.0,4.0,4.0,4.0,4.0,4.0,4.0,4.0,4.0,4.0,4.0,4.0,4.0,2.0,3.0,3.0,2.5,5.0,4.0,3.0,4.0,4.0,4.0,4.0,3.0,4.0,4.0,4.0,4.0,5.0,4.0,4.0,3.0,3.0,4.0,4.0,3.0,4.0,4.0,2.0,4.0,1.0,2.0,4.0,2.5,2.5,2.5,1.5,2.0,815.0,4.0,3.0,2.0,2.0,2.0,4.0,4.0,2.0,2.0,1.0,2.0,4.0,4.0,4.0,3.0,3.0,3.0,3.0,4.0,3.0,4.0,3.5,4.0,4.0,4.0,4.0,4.0,1.0,Low,High,Mainly Environmental
KOR,925,1,4.0,4.0,3.0,4.0,5.0,3.0,5.0,5.0,2.0,4.0,2.0,4.0,4.0,4.0,3.0,3.0,2.0,3.0,3.0,3.0,3.0,2.0,1.0,3.0,1.0,2.0,2.0,2.0,3.0,4.0,4.0,4.0,5.0,4.0,4.0,4.0,3.0,2.0,5.0,5.0,5.0,3.0,4.0,3.0,3.0,2.0,2.0,4.0,4.0,2.0,4.0,3.5,4.0,3.5,4.0,4.0,3.0,4.0,3.0,3.0,150.0,4.5,4.5,4.0,2.5,3.5,4.0,4.0,3.5,4.0,4.0,3.0,3.0,5.0,4.0,3.0,4.0,4.0,3.0,3.0,3.0,3.0,4.0,2.0,3.0,3.0,3.0,5.0,5.0,High,Low,Mainly JIT
KOR,926,3,4.0,4.0,3.5,4.0,4.0,4.0,4.0,4.5,2.5,4.0,2.5,3.0,4.0,4.0,3.5,3.5,2.5,3.0,3.0,3.0,3.0,4.0,3.0,3.0,2.5,3.0,3.0,4.0,4.0,4.0,4.0,3.0,1.5,2.5,4.0,4.0,4.0,4.0,4.0,4.0,4.0,4.0,3.0,3.5,3.5,4.0,4.0,4.0,4.0,4.0,3.5,3.5,3.0,3.0,3.5,1.5,2.5,3.0,3.0,3.0,862.0,4.5,3.5,3.5,3.0,3.5,4.0,4.0,3.5,2.5,2.5,2.0,4.0,4.0,4.0,1.5,3.0,3.0,3.0,4.0,3.0,4.0,3.5,4.0,4.0,4.0,2.0,4.0,3.5,Low,High,Mainly Environmental
FIN,701,1,5.0,1.5,2.5,4.5,4.0,4.5,3.0,4.0,1.5,4.0,4.5,4.5,3.5,4.0,3.0,2.5,1.5,3.5,4.0,3.0,2.5,3.5,1.5,3.5,2.5,3.0,3.0,3.5,3.5,3.5,4.0,5.0,4.5,4.5,4.0,4.0,4.0,2.5,4.0,4.5,3.0,3.0,3.0,3.0,3.0,3.0,3.0,4.0,4.5,3.0,4.0,4.5,5.0,4.0,4.5,5.0,4.0,4.0,3.0,2.5,632.0,3.0,3.0,2.5,3.0,1.5,2.5,4.0,2.0,4.0,3.5,3.5,4.0,3.5,3.5,3.5,3.5,3.0,3.0,4.0,3.0,4.0,3.0,3.5,3.0,3.0,4.0,4.0,4.0,High,High,High JIT & Environmental
FIN,702,3,4.0,2.0,2.0,3.0,2.0,3.0,1.0,3.0,1.0,3.0,1.0,2.0,4.0,2.0,2.0,3.0,1.0,2.0,3.0,1.0,2.0,4.0,1.0,1.0,1.0,3.0,3.0,2.0,3.0,4.0,5.0,1.0,1.0,1.0,4.0,5.0,5.0,3.0,4.0,3.0,3.0,3.0,3.0,3.0,2.0,4.0,3.0,3.0,4.0,5.0,2.5,3.0,3.0,2.5,4.0,3.5,4.0,3.0,1.0,3.0,275.0,3.5,4.5,4.5,4.5,4.0,3.5,4.5,4.0,2.5,3.0,3.5,3.0,5.0,4.0,3.0,3.0,3.0,3.0,3.0,3.0,4.0,3.0,3.0,3.0,3.0,3.0,4.0,4.0,Low,Low,Low JIT & Environmental
FIN,703,3,4.0,1.0,1.0,2.0,1.0,3.0,1.0,5.0,1.0,3.0,1.0,2.0,4.0,2.0,1.0,3.0,1.0,1.0,5.0,2.0,4.0,3.0,1.0,1.0,5.0,3.0,4.0,4.0,3.0,1.0,5.0,1.0,1.0,2.0,5.0,5.0,4.0,3.0,4.0,3.0,3.0,2.0,3.0,3.0,3.0,3.0,4.0,3.0,3.0,5.0,4.0,3.0,4.0,4.0,4.5,4.5,4.5,3.0,4.0,3.5,214.0,4.5,4.0,4.0,2.5,2.5,3.0,3.0,5.0,4.0,3.0,2.5,3.0,5.0,4.0,3.0,3.0,3.0,5.0,5.0,3.0,3.0,3.0,5.0,5.0,3.0,2.0,4.0,5.0,High,Low,Mainly JIT
FIN,704,3,3.0,2.0,2.5,3.0,2.0,3.5,2.5,3.0,1.5,3.0,3.5,2.5,3.5,3.0,2.0,3.0,2.0,2.0,3.5,2.0,2.0,4.0,3.0,3.0,2.5,4.0,4.0,4.0,3.0,3.5,4.0,1.0,1.0,1.0,5.0,5.0,3.0,3.0,4.0,3.0,3.0,3.5,3.5,3.0,3.0,4.0,4.0,4.0,4.0,3.0,4.5,4.5,4.5,4.0,3.0,5.0,4.0,3.5,4.0,4.0,373.0,2.0,3.0,3.0,2.0,2.0,2.0,2.0,1.5,3.0,3.5,1.0,3.0,4.0,4.0,3.0,3.0,3.5,3.0,3.0,3.5,3.5,3.0,4.5,4.0,4.0,3.5,4.5,3.5,High,Low,Mainly JIT
FIN,705,2,3.5,3.5,2.0,3.5,4.0,4.5,3.0,3.5,1.5,3.5,2.0,3.5,4.0,3.5,3.0,3.5,1.5,2.5,4.5,3.0,2.5,3.0,2.0,2.0,4.5,3.0,3.0,3.0,3.5,3.5,4.0,2.0,3.0,3.0,4.5,4.0,3.5,4.5,3.5,3.5,3.5,3.5,3.5,3.0,3.0,3.5,4.5,3.5,3.5,4.5,5.0,3.0,5.0,1.5,1.5,4.0,2.0,2.5,1.5,1.5,134.0,3.0,2.5,4.0,2.5,2.0,3.0,2.5,2.0,5.0,4.0,2.0,4.0,4.0,4.5,3.5,3.5,3.5,3.5,3.0,3.5,3.0,3.5,4.0,4.5,5.0,4.0,4.0,3.5,Low,High,Mainly Environmental
FIN,707,1,2.5,2.0,3.5,3.0,2.0,4.0,3.0,4.0,2.5,3.5,3.5,2.5,4.0,4.0,2.5,3.5,2.0,3.0,4.0,3.0,2.0,3.0,1.5,3.0,1.5,2.0,2.0,4.5,5.0,4.0,4.5,2.0,3.5,2.5,3.0,5.0,3.5,3.0,3.5,2.5,2.5,3.5,4.0,4.0,3.0,4.0,4.0,3.0,2.5,4.5,4.0,4.5,4.0,4.0,1.5,4.5,3.5,1.5,2.0,4.0,380.0,4.0,2.0,4.0,1.0,3.0,2.0,4.0,2.0,3.5,4.0,2.0,4.0,3.5,3.0,3.0,2.5,3.5,3.0,3.0,2.5,4.0,2.5,4.0,3.5,4.0,4.0,3.5,4.0,High,Low,Mainly JIT
FIN,708,1,3.5,3.5,3.5,3.0,3.0,3.5,2.0,3.5,1.0,3.5,2.0,2.5,3.0,2.5,3.0,3.0,1.0,3.5,4.0,2.5,2.0,2.0,1.0,2.5,1.0,2.0,2.0,2.5,3.5,4.0,4.5,1.5,4.0,4.0,3.5,1.0,2.5,2.0,2.5,3.0,3.0,3.0,3.0,3.0,3.5,3.5,3.5,3.5,3.5,3.0,4.5,5.0,5.0,4.0,4.0,2.0,4.0,2.5,3.5,4.0,300.0,3.0,4.0,3.5,3.0,1.5,4.5,4.0,4.0,3.5,3.0,1.0,3.0,3.0,3.5,3.5,3.5,3.0,3.0,3.5,3.0,4.0,3.0,3.0,3.0,3.0,3.0,3.5,3.5,High,Low,Mainly JIT
FIN,709,2,3.5,3.5,2.5,3.5,3.5,3.5,2.0,3.5,1.0,3.5,4.0,3.0,4.0,3.0,2.5,2.5,1.0,3.5,3.5,2.5,2.0,3.0,1.5,2.0,2.0,3.0,2.5,3.0,4.0,4.0,5.0,2.0,5.0,3.0,4.5,3.0,3.0,3.0,2.0,2.0,2.0,5.0,3.0,3.5,3.0,4.5,4.0,3.5,4.0,4.5,3.0,3.0,4.0,2.0,3.0,5.0,3.5,4.0,3.0,3.3333333333333335,435.0,3.6666666666666665,2.6666666666666665,4.0,2.6666666666666665,2.6666666666666665,3.3333333333333335,2.6666666666666665,1.6666666666666667,2.5,3.5,2.5,3.5,2.5,3.0,3.0,3.0,2.5,2.5,2.5,3.0,3.5,3.0,4.0,3.0,3.0,3.0,3.0,3.0,Low,Low,Low JIT & Environmental
FIN,710,2,3.5,1.0,2.0,2.5,2.0,4.0,2.0,2.5,1.0,3.5,2.0,2.5,3.5,2.5,1.0,3.0,1.0,2.5,4.0,2.5,2.0,2.0,1.0,1.0,1.0,2.0,1.5,2.5,3.5,3.0,5.0,1.5,3.0,2.0,3.5,5.0,3.0,2.5,2.0,3.5,2.5,4.0,4.0,3.5,3.5,3.5,3.5,4.0,5.0,5.0,4.0,3.0,2.0,5.0,5.0,5.0,5.0,4.0,2.0,4.0,297.0,5.0,4.0,3.0,4.0,4.0,4.0,4.0,1.0,4.0,4.0,1.0,4.0,4.5,3.5,3.5,3.5,3.0,3.5,3.0,4.0,2.5,3.5,3.0,3.0,3.0,3.0,4.0,4.0,High,Low,Mainly JIT
FIN,711,2,4.0,4.0,4.0,4.0,5.0,5.0,4.0,5.0,2.0,5.0,5.0,4.0,4.0,4.0,4.0,4.0,2.0,5.0,5.0,5.0,4.0,4.0,4.0,5.0,3.0,4.0,4.0,4.0,5.0,4.0,5.0,4.0,4.0,4.0,4.0,5.0,5.0,4.0,5.0,5.0,4.0,4.0,3.0,4.0,3.0,4.0,4.0,5.0,4.0,4.0,5.0,5.0,5.0,5.0,5.0,4.0,5.0,2.0,4.0,4.0,63.0,4.0,4.0,5.0,2.0,4.0,4.0,4.0,1.0,4.0,5.0,3.0,4.0,4.0,4.0,4.0,4.0,4.0,5.0,4.0,4.0,4.0,4.0,4.0,4.0,4.0,4.0,5.0,5.0,High,High,High JIT & Environmental
FIN,712,1,3.0,3.0,3.0,3.0,2.5,3.0,2.0,3.5,1.0,2.0,3.0,2.5,3.0,2.5,2.0,2.0,1.5,2.0,2.5,2.5,1.5,2.0,1.0,1.5,1.0,1.5,1.5,1.5,3.5,2.5,2.0,1.0,2.0,1.0,2.5,2.0,1.0,1.0,1.5,1.5,2.5,2.5,3.0,3.5,3.5,3.5,4.0,3.0,3.0,4.5,3.0,2.0,4.0,3.0,1.5,1.5,3.0,1.0,1.5,2.0,50.0,2.0,4.0,4.0,2.5,2.5,3.5,3.0,1.5,3.0,3.0,3.0,3.0,3.0,3.0,3.0,3.0,2.5,3.0,3.0,3.0,3.0,3.0,3.0,3.0,3.0,3.0,3.0,3.0,Low,Low,Low JIT & Environmental
FIN,713,1,4.0,1.0,4.0,3.0,2.0,4.0,3.0,4.0,1.0,4.0,3.0,4.0,4.0,4.0,3.0,4.0,2.0,3.0,5.0,3.0,2.0,3.0,3.0,2.0,1.0,4.0,3.0,4.0,4.0,3.0,5.0,4.0,3.0,3.0,4.0,5.0,2.0,2.0,2.0,5.0,4.0,4.0,4.0,3.0,3.0,3.0,2.0,3.0,4.0,5.0,4.5,5.0,5.0,4.5,2.5,3.5,3.0,1.0,3.0,3.5,1082.0,2.5,2.5,3.5,1.5,2.0,4.5,4.0,1.5,5.0,4.5,3.5,4.0,4.0,3.0,3.0,3.0,3.0,3.0,3.0,4.0,4.0,3.0,4.0,4.0,4.0,4.0,4.0,4.0,High,Low,Mainly JIT
FIN,714,3,3.0,1.5,2.0,3.0,1.5,3.0,2.5,2.5,1.5,3.0,2.0,2.0,3.0,3.0,2.5,2.5,1.5,1.0,3.0,2.5,2.0,2.0,1.5,1.5,1.5,2.5,2.0,3.0,2.5,2.0,3.5,2.0,1.0,1.0,2.0,4.0,3.0,3.5,2.5,2.5,2.5,3.0,3.5,3.0,2.5,3.0,3.0,3.0,3.0,3.0,2.5,3.0,3.0,3.5,3.5,5.0,3.0,4.0,4.5,5.0,71.0,3.5,3.0,3.0,1.5,1.5,4.0,4.0,1.5,3.0,3.0,2.0,3.5,4.0,4.0,3.0,3.5,3.5,3.5,3.0,3.5,3.0,3.0,4.0,4.0,3.5,2.5,3.0,4.0,High,Low,Mainly JIT
FIN,716,2,2.0,4.0,1.0,2.0,2.0,4.0,2.0,2.0,1.0,3.0,2.0,2.0,4.0,3.0,2.0,3.0,1.0,4.0,4.0,3.0,2.0,4.0,4.0,3.0,3.0,2.0,2.0,4.0,4.0,4.0,5.0,2.0,3.5,3.0,3.5,3.5,3.5,3.0,3.0,4.0,3.5,3.0,2.5,3.0,3.5,4.0,3.5,3.0,3.0,3.5,4.0,4.0,3.0,2.5,3.0,5.0,4.0,4.0,4.0,3.5,222.0,4.0,4.5,2.5,4.5,4.0,4.0,5.0,2.0,2.5,3.5,2.0,4.0,4.0,4.0,3.5,3.5,4.0,3.0,3.0,3.0,4.0,3.0,4.0,3.0,3.5,4.0,4.0,3.5,High,Low,Mainly JIT
FIN,717,1,5.0,3.5,3.0,4.0,4.0,4.5,2.5,3.0,2.5,4.0,4.0,4.5,3.0,4.0,3.0,3.0,2.0,3.5,4.0,3.5,2.0,3.5,3.0,3.5,2.0,4.0,3.5,4.5,3.5,4.0,5.0,2.5,4.5,2.5,4.0,5.0,3.5,2.5,3.5,4.0,3.5,3.5,3.5,3.5,3.0,4.0,3.0,4.5,4.5,3.5,5.0,5.0,5.0,4.333333333333333,5.0,5.0,5.0,2.0,5.0,5.0,807.0,4.333333333333333,4.333333333333333,3.0,1.6666666666666667,2.3333333333333335,5.0,5.0,2.0,2.6666666666666665,3.0,2.3333333333333335,3.5,3.5,3.5,4.0,4.0,4.0,4.0,3.5,4.0,4.0,3.5,4.5,3.0,3.0,4.0,4.5,4.0,High,High,High JIT & Environmental
TWN,1401,3,4.5,4.5,5.0,3.5,3.5,4.5,4.5,4.0,3.5,5.0,3.5,3.5,5.0,5.0,4.5,5.0,4.0,4.0,4.5,4.5,4.0,4.0,4.0,3.0,4.0,4.0,4.5,4.5,4.5,4.0,5.0,3.5,5.0,3.5,5.0,5.0,5.0,4.5,4.0,4.0,4.5,4.5,3.5,4.0,3.5,3.5,4.0,3.5,4.0,3.0,5.0,5.0,5.0,4.5,4.5,3.5,4.5,3.0,3.0,3.0,2032.0,4.0,4.0,4.0,4.0,4.0,5.0,5.0,1.0,4.5,3.0,4.5,5.0,5.0,5.0,3.5,4.5,4.0,3.5,4.0,4.0,4.0,3.0,4.5,3.5,3.5,4.5,5.0,5.0,High,High,High JIT & Environmental
TWN,1402,1,4.5,1.5,4.5,4.5,4.5,4.5,4.5,4.5,2.5,4.5,2.0,3.0,4.5,4.5,4.0,4.5,2.5,4.0,4.5,4.5,4.5,4.0,5.0,2.0,4.0,4.5,4.5,3.5,5.0,5.0,5.0,4.5,5.0,3.0,5.0,5.0,4.5,4.0,4.0,4.5,4.5,3.0,3.0,3.0,3.0,3.0,3.0,3.5,3.5,3.0,4.0,4.5,5.0,2.5,2.5,4.0,5.0,1.5,1.5,1.5,2153.0,3.5,5.0,4.5,3.5,3.0,4.5,4.5,2.0,5.0,4.5,4.5,4.0,4.5,2.0,3.0,2.5,3.5,3.0,3.0,2.5,3.0,3.0,3.5,3.5,3.5,2.5,3.5,4.0,Low,High,Mainly Environmental
TWN,1405,2,3.0,1.0,2.5,2.5,2.5,4.5,3.5,3.5,1.0,3.5,2.5,2.0,2.5,4.0,4.0,3.0,1.0,1.5,4.0,2.5,3.0,1.5,3.5,1.5,3.0,2.0,2.0,2.0,3.5,4.0,5.0,1.0,1.0,1.0,5.0,4.5,4.5,3.5,2.5,3.0,3.0,3.0,3.0,2.0,3.0,2.5,3.0,3.0,4.0,2.5,4.0,3.0,2.0,3.5,2.5,2.5,3.5,3.0,3.5,4.0,740.0,3.5,4.0,4.0,3.5,3.0,4.5,4.0,1.0,4.0,2.5,2.5,4.0,4.0,4.0,4.5,4.5,4.0,4.0,3.5,3.5,3.5,3.5,4.0,4.0,4.0,4.0,3.0,4.0,Low,Low,Low JIT & Environmental
TWN,1406,2,4.0,3.5,4.0,3.0,3.5,5.0,4.5,4.5,3.5,4.5,4.5,4.5,4.5,4.5,4.0,4.5,3.0,4.0,5.0,4.5,5.0,5.0,3.5,4.5,4.5,5.0,5.0,4.0,5.0,4.5,5.0,4.0,4.0,4.0,4.5,5.0,5.0,5.0,3.5,3.5,3.5,4.0,3.0,4.0,4.0,4.0,3.0,3.0,3.0,3.0,4.0,4.0,5.0,3.5,5.0,5.0,5.0,1.0,1.0,1.0,2408.0,5.0,4.0,5.0,5.0,5.0,5.0,5.0,1.0,4.5,4.5,5.0,5.0,4.0,5.0,2.0,2.0,3.0,3.0,3.0,3.0,4.0,3.0,4.0,3.5,3.5,3.5,4.0,5.0,High,High,High JIT & Environmental
TWN,1407,1,4.0,1.0,4.0,3.0,4.0,5.0,5.0,5.0,2.0,3.0,2.0,3.0,3.0,5.0,3.0,4.0,2.0,1.0,4.0,2.0,2.0,3.0,3.0,3.0,2.0,2.0,2.0,3.0,4.0,4.0,5.0,5.0,5.0,5.0,5.0,5.0,5.0,2.0,2.0,2.0,2.0,3.0,3.0,4.0,4.0,3.0,3.0,4.0,4.0,3.0,4.5,3.0,3.0,3.5,4.0,4.0,3.5,2.5,2.5,3.0,2060.0,3.5,4.0,4.0,4.0,3.5,4.0,4.0,2.0,3.5,4.0,5.0,3.0,4.0,3.0,3.0,3.0,3.0,3.0,4.0,3.0,4.0,3.0,3.0,3.0,3.0,3.0,3.0,3.0,Low,Low,Low JIT & Environmental
TWN,1410,1,3.0,1.0,3.0,4.0,3.0,4.0,4.0,4.0,2.0,3.0,2.0,3.0,3.0,3.0,4.0,3.0,2.0,1.0,3.0,3.0,2.0,3.0,3.0,2.0,2.0,3.0,3.0,3.0,4.0,4.0,4.0,3.0,2.0,2.0,3.0,3.0,3.0,3.0,3.0,3.0,4.0,3.0,3.0,3.0,3.0,3.0,3.0,3.0,3.0,3.0,3.0,4.0,3.0,3.0,4.0,3.0,4.0,3.0,3.0,3.0,1189.0,3.0,4.0,3.0,3.0,3.0,4.0,4.0,2.0,4.0,3.0,3.0,3.0,4.0,3.0,3.0,3.0,4.0,3.0,3.0,3.0,3.0,3.0,4.0,4.0,4.0,4.0,4.0,3.0,Low,Low,Low JIT & Environmental
TWN,1411,1,3.0,3.0,3.5,4.0,2.0,3.5,5.0,5.0,3.0,5.0,5.0,3.5,4.0,4.5,5.0,5.0,3.0,5.0,5.0,4.0,4.0,4.0,4.0,3.0,3.0,5.0,5.0,3.5,4.5,5.0,5.0,5.0,5.0,5.0,4.5,4.0,4.5,5.0,4.0,3.0,5.0,5.0,5.0,4.0,3.5,4.5,4.0,4.5,3.5,4.0,3.5,4.5,5.0,3.5,4.0,4.5,5.0,1.5,3.5,3.5,470.0,4.5,5.0,5.0,4.5,4.5,5.0,4.5,2.0,5.0,4.0,3.5,4.5,4.0,4.5,3.0,3.0,3.0,3.0,3.0,3.0,4.0,3.0,4.0,4.5,4.5,4.0,4.0,4.0,High,High,High JIT & Environmental
TWN,1412,1,3.0,2.5,4.5,3.5,4.0,4.5,4.0,4.0,3.5,4.0,3.5,4.0,4.5,4.5,4.5,4.0,3.5,3.5,5.0,4.0,3.5,3.5,4.5,3.5,4.0,4.0,4.0,4.5,4.0,5.0,5.0,4.5,4.5,4.5,5.0,5.0,5.0,5.0,4.0,4.0,4.0,3.5,3.5,4.0,3.5,4.0,4.0,4.0,4.0,5.0,4.5,4.0,4.0,3.0,4.5,3.0,4.0,3.0,3.5,3.5,620.0,3.5,4.5,4.5,3.5,3.5,4.5,4.5,1.5,4.5,4.0,3.5,5.0,5.0,5.0,3.5,4.5,4.0,4.5,4.0,4.5,5.0,3.0,3.5,5.0,5.0,4.0,5.0,5.0,High,High,High JIT & Environmental
TWN,1413,2,2.5,1.0,3.0,2.5,2.0,4.0,2.5,4.0,1.5,3.5,1.5,3.0,3.0,4.0,2.5,4.0,2.0,2.5,4.0,2.0,3.0,2.0,4.0,1.5,3.0,2.5,2.5,3.5,4.0,4.0,2.5,1.5,2.5,2.0,4.0,1.5,3.0,2.5,2.5,2.5,3.5,4.0,4.0,3.5,3.5,3.5,3.5,4.0,4.0,2.0,3.5,4.0,3.5,2.5,5.0,5.0,4.0,2.0,3.0,3.0,360.0,4.5,3.0,3.5,3.5,3.0,3.0,3.0,2.5,4.0,2.5,3.5,4.0,4.5,4.5,2.5,2.5,3.0,3.0,3.0,2.5,3.0,3.0,4.0,3.5,3.5,4.0,4.0,3.5,High,Low,Mainly JIT
TWN,1414,2,3.0,3.0,3.5,2.5,3.0,3.5,3.5,3.5,2.5,3.5,3.0,3.0,3.5,4.0,4.0,3.5,2.5,3.5,4.0,4.0,4.0,4.0,4.5,4.5,4.5,4.5,4.5,4.5,4.5,4.5,2.5,2.0,5.0,5.0,5.0,2.0,2.0,2.5,2.5,2.5,2.5,4.0,4.0,4.0,4.0,4.0,4.0,4.5,4.0,5.0,5.0,4.0,4.0,3.0,4.0,4.5,4.0,1.0,1.0,1.0,240.0,5.0,5.0,5.0,4.0,5.0,4.0,4.5,1.0,4.0,4.0,5.0,3.5,3.5,3.5,3.5,3.5,3.5,3.5,3.5,3.5,4.0,3.5,3.5,3.5,3.5,4.0,4.0,4.0,High,High,High JIT & Environmental
TWN,1415,1,3.0,3.0,3.0,3.0,3.0,3.0,3.0,3.0,3.0,3.0,3.0,3.0,3.0,3.0,3.0,4.0,4.0,4.0,4.0,4.0,3.0,3.0,3.0,3.0,3.0,4.0,4.0,4.0,4.0,4.0,3.0,3.0,5.0,5.0,5.0,5.0,5.0,5.0,5.0,5.0,5.0,4.0,4.0,3.0,3.0,4.0,4.0,3.0,3.0,3.0,5.0,4.0,5.0,4.0,4.0,3.0,4.0,5.0,4.0,4.0,450.0,4.0,3.0,4.0,4.0,4.0,5.0,5.0,2.0,4.0,4.0,4.0,4.0,4.0,4.0,4.0,4.0,4.0,4.0,4.0,5.0,5.0,4.0,4.0,4.0,4.0,4.0,5.0,5.0,High,Low,Mainly JIT
TWN,1417,1,3.5,1.0,4.0,4.5,4.0,4.0,5.0,5.0,2.5,4.5,3.0,2.5,4.0,5.0,3.5,3.5,2.5,2.0,4.0,3.5,2.5,2.0,4.0,3.5,3.5,3.0,2.5,3.0,4.5,5.0,5.0,5.0,4.5,4.5,5.0,5.0,5.0,4.0,3.5,3.5,3.5,3.5,3.5,3.5,3.5,3.5,3.5,3.5,3.5,4.0,4.0,4.0,3.5,3.5,4.5,2.5,5.0,2.0,2.0,3.5,1913.0,4.5,4.0,3.0,3.0,3.5,4.5,4.5,2.0,5.0,3.5,3.5,4.0,4.0,4.0,3.0,3.5,3.5,3.5,3.5,3.0,3.5,3.5,3.5,3.5,3.5,3.5,4.0,4.0,High,High,High JIT & Environmental
TWN,1418,1,3.0,3.0,3.0,2.0,2.0,4.0,3.0,4.0,3.0,4.0,2.0,3.0,3.0,4.0,3.0,3.0,2.0,2.0,3.0,2.0,3.0,3.0,3.0,1.0,3.0,4.0,4.0,3.0,4.0,4.0,5.0,3.0,5.0,4.0,4.0,4.0,4.0,3.0,3.0,3.0,4.0,4.0,4.0,4.0,4.0,4.0,4.0,4.0,4.0,4.0,4.0,4.0,4.0,3.0,4.0,3.0,3.0,3.0,3.0,4.0,8000.0,4.0,4.0,4.0,4.0,4.0,5.0,4.0,3.0,4.0,4.0,3.0,3.0,5.0,4.0,1.0,1.0,3.0,3.0,2.0,2.0,3.0,3.0,3.0,3.0,3.0,3.0,4.0,3.0,High,Low,Mainly JIT
TWN,1419,1,4.0,3.0,4.0,4.0,3.0,4.0,4.0,4.0,3.0,4.0,3.0,3.0,4.0,4.0,3.0,4.0,3.0,3.0,4.0,4.0,3.0,3.0,4.0,2.0,2.0,4.0,4.0,4.0,4.0,4.0,5.0,4.0,4.0,4.0,4.0,5.0,5.0,4.0,4.0,4.0,4.0,4.0,4.0,4.0,4.0,4.0,4.0,4.0,4.0,4.0,4.0,3.0,3.0,3.0,5.0,4.0,4.0,5.0,5.0,5.0,410.0,4.0,5.0,5.0,5.0,4.0,5.0,2.0,4.0,4.0,3.0,4.0,4.0,4.0,4.0,4.0,4.0,4.0,4.0,4.0,4.0,4.0,4.0,4.0,4.0,4.0,4.0,4.0,4.0,High,High,High JIT & Environmental
TWN,1420,1,3.0,2.5,3.5,3.0,3.0,3.0,4.0,4.5,3.0,4.0,3.0,3.0,3.5,3.0,3.0,3.5,2.5,2.5,3.5,4.0,3.5,4.0,3.5,2.5,3.5,3.5,3.5,3.0,4.0,4.0,2.5,3.5,3.5,3.0,3.5,2.0,3.0,3.0,3.0,3.0,3.5,3.5,3.5,3.5,4.0,4.0,4.0,4.0,3.5,3.5,4.5,3.0,3.0,3.0,3.5,4.0,4.0,1.5,1.5,1.5,313.0,1.5,4.5,3.5,1.0,1.0,4.0,4.0,3.5,4.0,3.0,4.0,3.5,3.5,3.0,3.0,3.0,3.0,3.0,3.0,3.0,3.0,3.0,3.0,3.0,3.0,3.0,3.0,3.5,Low,Low,Low JIT & Environmental
TWN,1421,2,3.0,2.0,3.5,2.5,2.5,4.5,3.0,4.0,2.0,4.5,3.0,3.0,4.0,4.5,4.0,3.5,1.5,2.5,4.0,3.5,3.0,2.0,4.5,3.0,5.0,4.5,4.5,4.5,4.5,4.5,5.0,2.0,3.5,3.0,5.0,5.0,4.5,3.5,3.0,3.5,3.0,3.5,3.5,3.0,3.0,3.0,3.5,4.0,4.5,3.0,5.0,5.0,5.0,5.0,4.5,3.0,5.0,4.5,5.0,4.5,1067.0,4.5,4.5,5.0,5.0,5.0,4.5,4.0,2.0,5.0,3.0,5.0,4.0,3.5,5.0,4.5,3.0,3.5,3.0,3.0,3.5,3.0,3.0,2.5,2.5,1.0,3.5,3.5,2.5,High,High,High JIT & Environmental
TWN,1422,1,3.5,1.5,4.0,3.0,2.5,3.5,4.0,4.0,3.0,4.0,2.5,3.0,3.5,3.5,4.0,3.5,3.0,3.0,4.0,3.5,3.0,3.0,3.5,2.5,3.0,3.0,3.0,3.0,4.5,5.0,4.5,2.0,2.5,2.5,4.5,4.5,5.0,4.0,3.0,3.0,3.5,4.0,3.0,3.0,3.0,4.0,4.0,4.0,4.0,4.5,4.5,4.0,4.0,3.0,4.0,4.0,4.5,2.0,3.5,4.0,1686.0,3.5,4.0,4.0,4.0,4.5,5.0,5.0,2.0,4.5,3.5,4.0,4.0,4.0,3.5,3.5,3.0,3.0,2.0,2.0,2.0,3.0,3.0,4.0,3.5,3.5,4.0,4.0,4.0,High,High,High JIT & Environmental
TWN,1424,1,4.0,4.0,4.0,5.0,4.0,5.0,4.0,4.0,3.0,4.0,3.0,3.0,4.0,5.0,5.0,4.0,3.0,4.0,5.0,4.0,4.0,4.0,2.0,2.0,4.0,3.0,3.0,4.0,4.0,4.0,5.0,5.0,5.0,3.0,5.0,5.0,5.0,3.0,4.0,4.0,4.0,4.0,4.0,4.0,5.0,5.0,5.0,4.0,4.0,4.0,4.0,4.0,5.0,3.5,4.0,3.0,4.0,3.5,2.5,2.0,236.0,3.5,4.5,3.5,3.5,3.5,4.5,4.5,2.5,5.0,4.0,4.5,4.0,4.0,5.0,2.0,2.0,3.0,2.0,2.0,2.0,3.0,3.0,5.0,5.0,5.0,5.0,5.0,4.0,High,High,High JIT & Environmental
TWN,1425,2,4.5,2.0,4.5,4.5,4.5,4.5,4.5,4.5,2.5,5.0,3.5,4.0,4.5,5.0,4.5,4.5,2.5,3.5,4.0,4.5,4.0,4.0,4.5,2.5,4.5,4.5,4.5,5.0,5.0,5.0,5.0,4.5,3.5,4.5,5.0,5.0,5.0,5.0,5.0,4.5,4.5,3.5,3.5,3.0,3.0,3.5,3.0,3.5,3.5,3.5,5.0,5.0,5.0,4.0,5.0,5.0,3.5,5.0,5.0,5.0,3700.0,5.0,5.0,5.0,5.0,5.0,5.0,5.0,5.0,5.0,4.0,5.0,4.0,4.5,4.5,2.0,2.5,3.5,3.0,3.0,3.5,4.0,3.0,4.5,4.5,4.5,3.5,4.5,4.0,High,High,High JIT & Environmental
TWN,1426,1,4.0,3.0,5.0,4.0,5.0,4.5,4.5,5.0,4.0,5.0,4.5,5.0,4.5,4.5,5.0,4.5,4.5,5.0,4.5,4.5,4.5,4.0,4.5,4.5,5.0,4.5,4.5,4.0,5.0,5.0,5.0,5.0,5.0,4.5,5.0,5.0,5.0,4.5,4.5,4.0,4.0,3.0,3.0,3.0,3.0,3.0,3.0,4.0,4.0,4.0,4.5,4.0,5.0,5.0,4.0,3.5,4.5,4.5,4.5,5.0,8000.0,4.5,5.0,4.5,4.0,4.5,5.0,4.5,1.0,4.5,4.5,5.0,5.0,5.0,4.5,4.0,4.5,4.0,4.0,4.0,4.0,4.5,4.0,4.5,5.0,4.5,5.0,5.0,4.0,High,High,High JIT & Environmental
TWN,1428,2,3.5,2.0,4.0,3.5,3.0,4.0,4.5,4.5,3.0,4.5,3.0,3.0,4.5,4.5,3.0,4.5,3.0,3.5,4.5,3.0,3.0,3.5,4.0,2.0,2.5,3.5,3.5,3.5,4.5,4.5,4.0,2.0,2.5,2.0,4.5,2.5,3.5,3.5,3.5,3.5,4.0,4.0,4.0,4.0,4.0,4.0,4.0,4.0,3.5,3.5,4.0,3.5,2.5,3.5,4.0,3.0,5.0,3.0,3.0,3.0,190.0,3.0,4.0,4.0,4.0,3.0,4.0,4.0,2.5,4.0,4.0,4.0,4.0,4.0,4.0,4.0,4.0,3.5,3.0,3.0,3.0,3.0,3.0,3.5,3.5,3.5,3.5,3.5,4.0,Low,High,Mainly Environmental
UK,510,2,5.0,2.0,4.5,4.5,4.5,4.5,4.5,4.5,4.5,4.5,4.5,4.0,4.0,4.0,4.0,5.0,5.0,5.0,4.5,4.5,4.0,4.0,4.0,4.0,4.5,3.5,3.5,4.0,4.0,4.0,5.0,5.0,3.0,3.0,4.0,5.0,5.0,5.0,5.0,5.0,5.0,5.0,5.0,5.0,5.0,5.0,5.0,5.0,5.0,3.0,4.0,4.0,4.0,3.5,2.0,1.5,1.5,1.0,1.0,1.0,331.0,3.0,4.5,5.0,1.0,1.0,5.0,4.0,3.5,1.5,2.5,1.0,4.5,5.0,5.0,4.5,4.5,4.5,4.5,4.5,4.5,4.5,4.5,5.0,5.0,5.0,5.0,3.5,5.0,Low,High,Mainly Environmental
UK,513,2,2.0,1.0,2.0,2.5,2.0,2.5,2.5,4.0,1.5,2.5,1.5,2.5,2.5,2.5,2.0,2.0,1.5,1.5,3.0,2.0,2.0,2.5,1.5,1.5,1.5,3.0,1.5,2.5,4.0,4.0,5.0,2.5,3.5,1.0,2.0,5.0,3.5,2.5,2.5,2.5,2.5,3.0,3.0,3.0,3.0,3.0,3.0,3.0,3.5,3.0,5.0,3.5,4.0,2.5,3.0,2.0,3.0,3.5,2.5,2.5,105.0,3.0,4.0,4.0,1.5,1.0,3.5,3.5,2.5,3.0,4.5,3.0,4.0,4.0,4.0,4.0,4.0,3.5,3.0,3.5,3.5,3.5,3.0,3.0,3.0,3.0,3.0,4.0,4.0,Low,Low,Low JIT & Environmental
VIE,1901,1,3.0,2.0,2.0,2.0,2.0,2.0,3.0,2.0,3.0,2.0,2.0,2.0,2.0,2.0,2.0,2.0,2.0,3.0,2.0,2.0,2.0,3.0,1.0,1.0,2.0,2.0,2.0,2.0,2.0,2.0,1.0,1.0,2.0,1.0,2.0,3.0,2.0,3.0,2.0,3.0,3.0,3.0,2.0,2.0,2.0,2.0,3.0,3.0,3.0,3.0,4.0,1.0,3.0,3.0,2.0,4.0,3.0,2.0,2.0,2.0,400.0,3.0,2.0,3.0,2.0,2.0,4.0,4.0,4.0,4.0,5.0,4.0,3.0,2.0,2.0,3.0,3.0,3.0,3.0,3.0,3.0,3.0,3.0,3.0,3.0,3.0,3.0,3.0,3.0,Low,Low,Low JIT & Environmental
VIE,1904,3,5.0,5.0,5.0,5.0,5.0,5.0,5.0,5.0,5.0,5.0,5.0,5.0,5.0,5.0,5.0,5.0,4.0,5.0,5.0,5.0,5.0,5.0,5.0,3.0,5.0,5.0,5.0,3.0,4.0,4.0,5.0,4.0,4.0,4.0,5.0,5.0,5.0,5.0,5.0,5.0,5.0,5.0,5.0,5.0,5.0,5.0,5.0,5.0,5.0,5.0,5.0,5.0,5.0,5.0,5.0,4.0,5.0,1.0,5.0,5.0,632.0,4.0,3.0,5.0,2.0,2.0,5.0,5.0,5.0,4.0,5.0,5.0,5.0,5.0,5.0,5.0,5.0,5.0,5.0,5.0,5.0,5.0,5.0,5.0,5.0,5.0,5.0,5.0,5.0,High,High,High JIT & Environmental
VIE,1908,2,3.0,2.0,4.0,4.0,2.0,4.0,3.0,2.0,2.0,3.0,2.0,2.0,3.0,3.0,3.0,3.0,3.0,2.0,4.0,3.0,2.0,2.0,3.0,1.0,3.0,1.0,4.0,3.0,3.0,2.0,1.0,2.0,3.0,3.0,4.0,2.0,4.0,4.0,3.0,3.0,3.0,2.0,4.0,3.0,3.0,4.0,4.0,2.0,4.0,3.0,4.0,4.0,4.0,3.0,3.0,3.0,3.0,1.0,1.0,1.0,130.0,3.0,3.0,4.0,2.0,2.0,4.0,4.0,3.0,4.0,4.0,3.0,3.0,4.0,5.0,2.0,2.0,4.0,3.0,3.0,3.0,3.0,3.0,4.0,4.0,4.0,4.0,2.0,3.0,Low,Low,Low JIT & Environmental
VIE,1915,1,3.0,3.0,3.0,3.0,3.0,2.0,3.0,3.0,2.0,3.0,2.0,2.0,3.0,2.0,3.0,3.0,2.0,3.0,3.0,3.0,3.0,3.0,3.0,2.0,4.0,3.0,3.0,2.0,3.0,3.0,2.0,3.0,3.0,4.0,4.0,4.0,4.0,4.0,4.0,5.0,5.0,3.0,4.0,4.0,4.0,4.0,4.0,4.0,3.0,3.0,1.0,3.0,4.0,5.0,5.0,5.0,5.0,2.0,2.0,2.0,200.0,3.0,2.0,3.0,2.0,2.0,4.0,4.0,4.0,4.0,5.0,5.0,5.0,4.0,4.0,3.0,4.0,3.0,4.0,3.0,4.0,4.0,4.0,4.0,4.0,3.0,3.0,3.0,3.0,High,Low,Mainly JIT
VIE,1917,1,4.0,4.0,3.0,4.0,3.0,3.0,4.0,4.0,5.0,5.0,3.0,3.0,3.0,3.0,3.0,4.0,5.0,5.0,5.0,4.0,3.0,3.0,4.0,4.0,5.0,5.0,5.0,3.0,3.0,4.0,5.0,5.0,5.0,4.0,3.0,4.0,4.0,5.0,5.0,4.0,5.0,4.0,5.0,5.0,5.0,5.0,5.0,5.0,5.0,4.0,4.0,4.0,4.0,3.0,5.0,5.0,5.0,4.0,4.0,5.0,200.0,4.0,4.0,4.0,4.0,4.0,5.0,5.0,2.0,4.0,4.0,4.0,4.0,5.0,5.0,4.0,5.0,5.0,4.0,5.0,4.0,5.0,5.0,4.0,4.0,5.0,5.0,5.0,5.0,High,High,High JIT & Environmental
VIE,1919,1,4.0,5.0,5.0,5.0,5.0,5.0,5.0,5.0,5.0,5.0,5.0,5.0,5.0,4.0,4.0,4.0,5.0,5.0,5.0,5.0,5.0,5.0,5.0,5.0,5.0,5.0,5.0,5.0,5.0,5.0,5.0,4.0,5.0,5.0,5.0,5.0,5.0,5.0,5.0,5.0,5.0,5.0,5.0,5.0,5.0,5.0,4.0,5.0,5.0,5.0,5.0,4.0,4.0,5.0,5.0,5.0,5.0,4.0,4.0,4.0,330.0,5.0,5.0,5.0,4.0,4.0,5.0,5.0,2.0,5.0,3.0,4.0,4.0,5.0,5.0,5.0,5.0,5.0,4.0,4.0,4.0,4.0,4.0,5.0,5.0,5.0,5.0,4.0,5.0,High,High,High JIT & Environmental
VIE,1920,3,4.0,5.0,5.0,5.0,5.0,5.0,5.0,5.0,5.0,5.0,5.0,5.0,5.0,4.0,4.0,4.0,5.0,5.0,5.0,5.0,5.0,5.0,5.0,5.0,5.0,5.0,5.0,5.0,5.0,5.0,5.0,4.0,5.0,5.0,5.0,5.0,5.0,5.0,5.0,5.0,5.0,5.0,5.0,5.0,5.0,5.0,4.0,5.0,5.0,5.0,4.0,4.0,4.0,4.0,5.0,5.0,5.0,3.0,3.0,3.0,210.0,3.0,3.0,4.0,3.0,3.0,3.0,3.0,3.0,3.0,4.0,3.0,4.0,5.0,5.0,5.0,5.0,5.0,4.0,4.0,4.0,4.0,4.0,5.0,5.0,5.0,5.0,4.0,5.0,High,High,High JIT & Environmental
VIE,1921,1,3.0,3.0,3.0,3.0,3.0,2.0,3.0,3.0,2.0,3.0,2.0,2.0,3.0,2.0,3.0,3.0,2.0,3.0,3.0,3.0,3.0,3.0,3.0,2.0,4.0,3.0,3.0,2.0,3.0,3.0,2.0,3.0,3.0,4.0,4.0,4.0,4.0,4.0,4.0,5.0,5.0,3.0,4.0,4.0,4.0,4.0,4.0,4.0,3.0,3.0,4.0,4.0,4.0,5.0,5.0,5.0,5.0,4.0,5.0,4.0,257.0,5.0,5.0,5.0,5.0,5.0,5.0,5.0,1.0,4.0,5.0,5.0,5.0,4.0,4.0,3.0,4.0,3.0,4.0,3.0,4.0,4.0,4.0,4.0,4.0,3.0,3.0,3.0,3.0,High,Low,Mainly JIT
VIE,1923,2,4.0,4.0,3.0,4.0,3.0,3.0,4.0,4.0,5.0,5.0,3.0,3.0,3.0,3.0,3.0,4.0,5.0,5.0,5.0,4.0,3.0,3.0,4.0,4.0,5.0,5.0,5.0,3.0,3.0,4.0,5.0,5.0,5.0,4.0,3.0,4.0,4.0,5.0,5.0,4.0,5.0,4.0,5.0,5.0,5.0,5.0,5.0,5.0,5.0,4.0,4.0,4.0,5.0,5.0,5.0,5.0,5.0,5.0,5.0,5.0,307.0,4.0,4.0,4.0,4.0,4.0,4.0,5.0,1.0,5.0,5.0,4.0,4.0,5.0,5.0,4.0,5.0,5.0,4.0,5.0,4.0,5.0,5.0,4.0,4.0,5.0,5.0,5.0,5.0,High,High,High JIT & Environmental
USA,101,3,4.0,1.0,2.5,3.0,3.5,3.0,1.5,3.0,1.0,5.0,4.0,1.0,3.5,4.0,3.0,4.0,1.0,1.0,4.0,1.0,2.0,1.5,1.5,4.0,3.0,3.0,1.0,4.0,4.0,1.0,3.0,1.0,1.0,1.0,2.0,4.0,4.0,4.0,4.0,3.5,2.5,5.0,3.0,3.0,4.0,4.0,4.5,5.0,5.0,4.0,4.0,5.0,2.5,5.0,4.0,3.0,3.5,5.0,5.0,5.0,75.0,4.0,4.0,5.0,2.5,3.0,4.5,4.5,1.0,3.5,4.5,3.5,3.0,3.5,2.0,4.0,4.5,4.0,4.0,2.0,4.0,2.5,4.0,3.0,5.0,5.0,4.0,4.5,5.0,High,Low,Mainly JIT
USA,102,2,3.0,1.0,3.0,4.0,4.0,3.0,2.0,2.5,1.0,4.0,2.0,4.0,4.5,4.5,4.5,4.0,1.0,5.0,4.0,2.5,3.0,2.5,2.0,1.0,1.5,4.0,3.5,3.0,4.0,4.5,3.0,1.0,2.5,1.5,4.0,2.5,3.0,3.5,3.0,2.5,3.0,3.5,3.5,3.5,3.5,3.5,3.5,3.5,4.0,4.0,2.0,1.5,1.5,1.5,2.5,4.0,2.5,1.5,2.0,2.0,309.0,2.0,3.0,3.5,3.0,3.0,2.5,2.5,3.5,3.0,1.5,2.0,4.0,4.0,4.0,4.0,4.0,4.0,4.0,3.5,4.0,4.0,4.0,4.0,4.0,4.0,4.0,4.0,4.0,Low,Low,Low JIT & Environmental
USA,103,1,3.5,2.5,4.0,4.0,4.0,4.5,3.0,5.0,1.5,4.0,3.5,2.5,4.5,4.0,2.5,3.0,1.5,3.5,4.0,2.5,1.5,3.0,3.0,1.0,2.0,3.0,3.5,2.0,4.0,4.5,2.0,2.0,3.0,1.0,1.5,1.5,2.5,3.0,3.5,4.0,4.0,3.5,3.5,3.5,3.5,3.0,3.0,3.5,3.5,4.0,5.0,5.0,5.0,5.0,3.5,3.0,4.0,2.5,2.5,3.0,153.0,5.0,4.5,5.0,4.5,4.0,5.0,4.5,5.0,5.0,4.0,4.0,3.5,4.0,3.0,3.5,3.5,3.5,3.5,3.5,3.5,3.0,3.0,3.0,3.0,3.0,3.0,3.5,3.5,High,Low,Mainly JIT
USA,106,3,1.0,1.0,4.0,2.0,1.0,1.0,3.0,3.0,1.0,4.0,2.0,1.0,1.0,1.0,1.0,1.0,1.0,3.0,3.0,2.0,1.0,1.0,1.0,1.0,1.0,1.0,3.0,2.0,2.0,2.0,5.0,3.0,5.0,3.0,3.0,5.0,1.0,2.0,1.0,2.0,2.0,3.0,3.0,3.0,3.0,3.0,5.0,3.0,2.0,3.0,5.0,4.0,4.0,2.0,3.5,2.0,4.0,1.0,3.5,1.0,89.0,1.0,5.0,4.0,3.0,1.0,4.0,5.0,1.0,5.0,5.0,4.0,3.0,3.0,3.0,3.0,3.0,3.0,3.0,3.0,3.0,3.0,3.0,3.0,4.0,5.0,4.0,3.0,3.0,High,Low,Mainly JIT
USA,107,3,3.6666666666666665,1.0,2.3333333333333335,2.6666666666666665,2.6666666666666665,3.3333333333333335,2.3333333333333335,4.666666666666667,1.0,4.0,1.3333333333333333,2.6666666666666665,4.0,4.0,2.3333333333333335,2.6666666666666665,2.0,3.0,4.333333333333333,1.6666666666666667,1.6666666666666667,1.6666666666666667,2.3333333333333335,1.6666666666666667,1.6666666666666667,3.6666666666666665,3.3333333333333335,3.0,3.0,3.3333333333333335,4.666666666666667,1.6666666666666667,1.6666666666666667,1.6666666666666667,1.6666666666666667,2.0,2.3333333333333335,1.6666666666666667,2.0,2.3333333333333335,1.6666666666666667,3.0,3.0,3.3333333333333335,3.0,3.0,3.0,3.3333333333333335,3.3333333333333335,3.0,4.0,3.5,4.0,3.5,3.0,2.0,2.5,2.5,4.0,1.0,199.0,2.5,4.0,4.0,1.5,1.0,5.0,5.0,3.0,3.0,3.5,2.0,3.0,3.0,3.0,3.0,3.0,3.0,3.0,3.0,3.0,3.0,3.0,3.0,3.0,3.0,3.3333333333333335,3.0,3.0,Low,Low,Low JIT & Environmental
USA,108,2,1.5,1.0,2.5,3.0,1.5,3.5,1.0,2.0,1.0,3.5,1.5,1.5,3.0,3.0,1.0,2.5,2.0,1.0,3.0,1.0,1.0,1.0,1.5,1.0,1.0,2.0,1.0,3.0,2.0,2.5,3.5,1.0,1.0,1.0,4.0,1.0,3.0,3.0,1.0,1.0,1.0,3.5,3.0,3.5,3.5,3.5,3.5,3.5,2.5,4.5,4.0,4.5,4.5,4.0,4.5,3.5,4.0,1.0,3.5,3.5,295.0,2.5,3.0,4.0,4.0,2.0,4.0,4.0,3.0,4.0,2.5,2.0,4.5,4.0,4.0,4.0,3.0,3.0,3.0,3.0,3.0,3.0,3.5,4.0,3.0,3.0,5.0,4.0,3.5,High,Low,Mainly JIT
USA,109,2,3.5,2.5,3.5,2.5,3.5,4.0,4.0,3.5,3.0,4.0,3.5,4.5,4.0,4.0,3.5,3.0,3.0,3.5,4.0,3.0,3.0,3.5,3.5,2.5,3.0,3.0,3.0,3.5,4.5,5.0,5.0,3.0,3.0,3.0,5.0,5.0,5.0,3.5,3.5,3.5,3.0,4.0,4.0,3.5,4.0,4.0,4.0,3.5,4.5,4.5,2.5,2.0,2.0,2.5,3.0,3.5,3.5,4.0,4.5,4.0,350.0,3.5,3.5,3.0,4.0,3.0,4.0,4.0,4.0,2.5,3.5,2.0,4.0,5.0,5.0,4.0,3.5,3.5,3.0,4.0,4.0,4.5,3.0,4.0,3.5,4.5,5.0,4.0,4.5,Low,High,Mainly Environmental
USA,110,2,2.0,1.5,3.0,2.5,2.5,3.5,3.5,2.0,2.0,3.0,1.5,1.5,3.5,3.5,2.0,2.5,2.0,1.5,4.0,2.0,3.0,3.0,4.0,1.5,3.0,3.0,1.5,3.0,3.0,3.0,1.0,1.5,1.0,1.0,3.5,1.0,3.0,3.5,4.0,2.5,1.5,4.0,4.0,4.0,4.0,4.0,4.0,4.0,4.0,4.0,3.5,3.5,3.0,3.0,4.5,4.5,4.0,4.0,3.0,3.0,849.0,3.5,2.0,4.0,2.0,2.5,2.0,2.0,2.0,3.0,3.0,1.5,3.5,3.0,4.0,2.5,2.5,2.5,3.0,4.0,4.0,4.0,2.5,4.0,4.5,4.0,4.0,4.5,4.0,High,Low,Mainly JIT
USA,111,1,2.0,1.0,3.0,2.0,1.0,4.0,2.0,5.0,1.0,4.0,1.0,2.0,3.0,4.0,3.0,3.0,1.0,3.0,4.0,2.0,2.0,2.0,1.0,1.0,1.0,2.0,2.0,4.0,3.0,4.0,5.0,2.0,3.0,3.0,4.0,5.0,5.0,3.0,2.0,2.0,2.0,4.0,3.0,4.0,4.0,3.0,3.0,4.0,4.0,4.0,4.0,4.0,5.0,2.0,4.0,4.0,4.0,2.5,2.5,2.5,738.0,3.0,3.5,4.0,4.0,2.5,4.5,4.5,3.0,2.0,2.0,2.0,5.0,4.0,4.0,4.0,3.0,3.0,3.0,3.0,3.0,3.0,3.0,3.0,3.0,3.0,4.0,3.0,4.0,High,Low,Mainly JIT
SWI,1809,3,3.0,2.0,3.0,4.0,3.0,5.0,3.0,2.0,1.0,4.0,3.0,3.0,4.0,5.0,4.0,5.0,2.0,3.0,3.0,3.0,2.0,2.0,2.0,3.0,2.0,3.0,3.0,5.0,5.0,5.0,5.0,5.0,5.0,5.0,5.0,5.0,5.0,5.0,5.0,3.0,3.0,5.0,4.0,5.0,5.0,5.0,5.0,4.0,4.0,5.0,5.0,4.0,4.0,4.0,4.0,2.0,5.0,3.0,3.0,2.0,286.0,4.0,4.0,4.0,3.0,3.0,4.0,4.0,5.0,5.0,5.0,5.0,4.0,5.0,5.0,4.0,4.0,3.0,3.0,4.0,4.0,4.0,3.0,4.0,4.0,4.0,5.0,5.0,5.0,High,Low,Mainly JIT
SWI,1810,1,3.0,4.0,3.0,3.0,3.0,4.0,3.0,3.0,3.0,3.0,2.0,2.0,2.0,3.0,1.0,3.0,2.0,2.0,3.0,2.0,2.0,2.0,4.0,2.0,2.0,2.0,2.0,2.0,2.0,3.0,4.0,2.0,4.0,2.0,4.0,5.0,3.0,2.0,1.0,2.0,2.0,3.0,3.0,3.0,3.0,3.0,4.0,4.0,4.0,3.0,4.0,4.0,3.0,3.0,3.0,2.0,3.0,2.0,1.0,1.0,105.0,3.0,4.0,4.0,2.0,2.0,4.0,4.0,4.0,5.0,5.0,2.0,3.0,4.0,4.0,4.0,3.0,3.0,3.0,3.0,3.0,3.0,3.0,3.0,3.0,3.0,4.0,4.0,3.0,Low,Low,Low JIT & Environmental
